txSignature,amount,instructionAction,instructionOrder,userAddress,timestamp,currencyName,currencyAddress,currencySymbol,currencyDecimals,senderAddress,sender.mintAccount,receiverAddress,receiver.mintAccount
1BTU1idsZTLQxLu7dViUB3krAwsWBEN6iZcyopJbyeN6x5yPsLwowUs2Np2T7gGpnBa9Ao94tYi2c3qwzeixj7y,12.0,transfer,2-0,Ah32U6j4NpyxtQnRR1tQj3csaJBgGQD58FrzZg4uBDsK,2022-03-24T13:13:49Z,Solana,-,SOL,9,HiepGSjE1udH3GDTzwHF1bdmNKyuTUiweWu1vsx8okPk,HiepGSjE1udH3GDTzwHF1bdmNKyuTUiweWu1vsx8okPk,5wcdQ8uDwF7q2eURbG5552bn4HyGHxzBN9ERKPArYL3J,5wcdQ8uDwF7q2eURbG5552bn4HyGHxzBN9ERKPArYL3J
22eFK58itDbHjmZJ6wkJyiLgkJDd8ZKZzF1CUefxMo5Y6FKmHLRqKRf8NQscMaEmP56HTpsW64xxdB8YZEJyk43A,0.08,transfer,2-0,DpKd3R9s9Zeq2wvNXRuq7EoLqThUEHdjAFwfNnBNdt71,2022-03-06T12:01:02Z,Solana,-,SOL,9,5GHuBr9njP3KBqXYS7KWRX6z97eYCmqBpn7b5Ae4jeWj,5GHuBr9njP3KBqXYS7KWRX6z97eYCmqBpn7b5Ae4jeWj,8ofGwfwecdR4cTUMDZyCeQgPE3dHq63eiZRj9gGFzL9t,8ofGwfwecdR4cTUMDZyCeQgPE3dHq63eiZRj9gGFzL9t
22eKzw86enFoQkbVJKqVt5YYQJ5da2DLBL6P2bx5D7ehFAJTAiXg191qJTgLqHP4txmYqm84AQMWQDYciCtoXt69,28.175806,transfer,0-0,C7kUxhQVt1PvaaxCsXi6qF9RP24MmCi9pdxAm4AVRwse,2022-03-13T21:19:56Z,UST (Wormhole),9vMJfxuKxXBoEa7rM12mYLMwTacLMLDJqHozw96WQL8i,UST,6,5kA7FPiB3t2X5s65dK1AoEu5asDjC5d7f5vaB4iY2yrj,DkcDwJv8tiCDzjkyF5ME7Zapr1SWZwYxzrD7hyTqwDAD,C7kUxhQVt1PvaaxCsXi6qF9RP24MmCi9pdxAm4AVRwse,CPsDtG464gTTcxgBwyAaqhn8jPtX4xbF4CJJyVXjr8jY
2793t4QnmgR8hipfqMpZvCvTKtyGGqqUjz37dWsdR6Bg3M3jPmfQkNTMHCjohjhzVrfoEBCdPr1FuQrajL9kXNNz,407.92,transfer,0-0,8J4GyYWYVfFA6p9gc2tg7YiVCEuEebv4R71NRu9b1Ygw,2022-03-19T10:29:59Z,USD Coin,EPjFWdd5AufqSSqeM2qN1xzybapC8G4wEGGkZwyTDt1v,USDC,6,GrB6vbG2WP7eEnbwgxUbBGRMeXYq139jo2o9oW8cNK8f,C6beCKfWjMWupibqymypGzNm27dTc7WWQq2BsQnSss65,8J4GyYWYVfFA6p9gc2tg7YiVCEuEebv4R71NRu9b1Ygw,ADPc4GLgjRoQdYJR3pBtQuNDxaQiJwBaYujy5BvvciUC
28ZLqWkdTztscwDj8Acd3S7yoJm48tDPDfhubLhEKBBe13iUJwhum66BpznAqxiBq9bj2Sh1P5bYKbqWmQFMJcSH,0.008928,transfer,0-0,9Rm8BpSaYVDxyWyq65rhkwPmuWisuPSz2Q58BnXoStkT,2022-03-28T22:28:39Z,Wrapped Bitcoin (Sollet),9n4nbM75f5Ui33ZbPYXn59EwSgE8CGsHtAeTH5YFeJ9E,BTC,6,DA1M8mw7GnPNKU9ReANtHPQyuVzKZtsuuSbCyc2uX2du,7JenPNzJypqWVMwfynckkZUVRReJ1J1uupYuJQJpPWWE,9Rm8BpSaYVDxyWyq65rhkwPmuWisuPSz2Q58BnXoStkT,4RDVMuUxPNvxUscdawHuxeesJsvF1Epf4RKxRTWxyqH1
2B6KDjyqkvQ1oQMp9mDhw1BqWmfSsWNhZHXyNyUXchiXRd9xrJmwvj2X1hk9jeC4QvmNWMZD9wDZkfpmjWWoQoHQ,19.275854783,transfer,0-0,E6gtYUmFLbfiEMyeHa9uQpoyS1bqH2Zi3SKYvTALkdvQ,2022-03-22T00:39:30Z,Marinade staked SOL (mSOL),mSoLzYCxHdYgdzU16g5QSh3i5K3z3KZK7ytfqcJm7So,mSOL,9,6asST5hurmxJ8uFvh7ZRWkrMfSEzjEAJ4DNR1is3G6eH,Bm8ju1pbvvCqnMs2aC9BKrdUSVEdBLTBvAuMG34BVhDY,E6gtYUmFLbfiEMyeHa9uQpoyS1bqH2Zi3SKYvTALkdvQ,5hdehwzGgTHnU4MYyhG2cv7ETJwuEYoCpEFpP2wv1xjM
2EFmE9xucmGZNFZw39qH24v85FgkV6rgWAKGnghQoLWvN3GycZtrvw2fEfTHffq4D1VotEZ3DNTozV94jdidK5DB,1.0,transfer,2-0,PyNpjTMk8yXfvWo76pQXCZCFrjJG36ef6D4M547pZko,2022-03-08T17:02:22Z,Solana,-,SOL,9,5GHuBr9njP3KBqXYS7KWRX6z97eYCmqBpn7b5Ae4jeWj,5GHuBr9njP3KBqXYS7KWRX6z97eYCmqBpn7b5Ae4jeWj,HAv8U7DnEYLVzeHuvheVzrGpa92jpMseTfaHnpcXTFEc,HAv8U7DnEYLVzeHuvheVzrGpa92jpMseTfaHnpcXTFEc
2FX4Xf9yX5D5W7Y6A8jvPKvzNWZtzTWPcSPBxUKifVbrpQnfGcs9metp6BVNYQ2nTmEMf67jWF9zpQLNLpwULbxV,1.621,transfer,2-0,6qawXcWJx4BYZXaEhoU3wHrcmLsqFjaEUqAN56YWwgNq,2022-03-11T02:16:56Z,Solana,-,SOL,9,5GHuBr9njP3KBqXYS7KWRX6z97eYCmqBpn7b5Ae4jeWj,5GHuBr9njP3KBqXYS7KWRX6z97eYCmqBpn7b5Ae4jeWj,2Vyfs6ghrmKtYZe2U8WQ8htu6rRektXyeeTDAEwVyaq3,2Vyfs6ghrmKtYZe2U8WQ8htu6rRektXyeeTDAEwVyaq3
2Gqc7K5LiERMf5FjssfUJLXEwJNLfaJ3XfXLNL679CdX2sTaUitssD5YP8wGWYbJ1oodMGtX8xTH65ob14ns7Bxy,800.0,transfer,0-0,7dcE4HGbZWnPE2vHqPUaiaup9D96etSVWskvYxw5tYLx,2022-03-18T16:37:21Z,USD Coin,EPjFWdd5AufqSSqeM2qN1xzybapC8G4wEGGkZwyTDt1v,USDC,6,6Nkc8MEiz3WLz1xthYitmSuy3NGwn7782upRHo2iFmXK,CSbP824yiNVevVsJVHwpov2AgCf2McCLiFyKGjUTd9qr,7dcE4HGbZWnPE2vHqPUaiaup9D96etSVWskvYxw5tYLx,2TxWP6Zni7Uezj7hv2biWjDMogMrU7mojEEoarcZeHP6
2GsPTnknGNKXcP4X1JyTq1LynwyJnQGcSWAMzGZMDnw4wE9wqvsSebbMym6f53Rm2x5GPR3wDg66mrKYXrvx42f8,1.0,transfer,2-0,AJpsU6fFqWpkrd9Vw7APNsHoq3Qr9gvabXnrt3nNJLzH,2022-03-25T00:30:31Z,Solana,-,SOL,9,HiepGSjE1udH3GDTzwHF1bdmNKyuTUiweWu1vsx8okPk,HiepGSjE1udH3GDTzwHF1bdmNKyuTUiweWu1vsx8okPk,EWfNgkt3brcPfEp9Qe9YvHEqMxzTfkKGsvAJbCdBfNXG,EWfNgkt3brcPfEp9Qe9YvHEqMxzTfkKGsvAJbCdBfNXG
2JmtjT1NWgxPctVXJyAJMnnguGbhhx6AbawMN2R9BejypVFfskc961QdCuzxS4Qer7qg4bGcwwyj6ktMWDzBbWDo,1.046955,transfer,0-0,EHWCVPPek2kt512pn6JQDKMdZ7R91gLad24dthVYjUQo,2022-03-16T13:17:46Z,Raydium,4k3Dyjzvzp8eMZWUXbBCjEvwSkkk59S5iCNLY3QrkX6R,RAY,6,A6XsYxGj9wpqUZG81XwgQJ2zJ3efCbuWSQfnkHqUSmdM,Ha9AkDZbtWTLdrL7ibCQTQ8e98aQ41GZFvJJkMZy6aSF,EHWCVPPek2kt512pn6JQDKMdZ7R91gLad24dthVYjUQo,GnEa7y8CHQTP17hD84P7bxgVJ6XJnGwxSGpyCLmjpDqu
2KDb9JiffSw5gsu8ShxSH7ZeQb8u72eJCFYEP7GT1MnCFHxY6htVUxrY9pxkkF3ywVMfWHdnrmf2WPpXbJ4PMt24,35309.183369,transfer,0-0,6fJqGBoLuYxhkgKcXPwDHquZwCAsFXQdpAsGHdbZoYCL,2022-03-22T07:14:54Z,USD Coin,EPjFWdd5AufqSSqeM2qN1xzybapC8G4wEGGkZwyTDt1v,USDC,6,6Nkc8MEiz3WLz1xthYitmSuy3NGwn7782upRHo2iFmXK,CSbP824yiNVevVsJVHwpov2AgCf2McCLiFyKGjUTd9qr,6fJqGBoLuYxhkgKcXPwDHquZwCAsFXQdpAsGHdbZoYCL,6ZWxbbRS7iGSVdZAGzwU4gCE8hJ73oxq49jQuEqrycB7
2KkStutyrMFnj2DLd3dj3UYNNdndpRG7PxN1HvurvCfjPac5QsMxPrF3rainVbUzVo71enSjsf1QPJ99ycFKhpaJ,0.888,transfer,0-0,531euoNtZMvciBcKPBvYgFJoWnUvtu4PjasDhbTTXTGG,2022-03-08T02:06:10Z,Wrapped Bitcoin (Sollet),9n4nbM75f5Ui33ZbPYXn59EwSgE8CGsHtAeTH5YFeJ9E,BTC,6,DA1M8mw7GnPNKU9ReANtHPQyuVzKZtsuuSbCyc2uX2du,ExJEkny8z78XMvkYoQGc9ZvqkyG3wj2RZZaXTAGpP46R,531euoNtZMvciBcKPBvYgFJoWnUvtu4PjasDhbTTXTGG,ANrejDEToLZCE3TVHM4VGetA6nBNTX3RCWDaXymd9iNr
2LNpoG2VRF6KFLw4BSqrfs2eKYZ6xfbG82AEiM7FrtRC5FhpdwtfbPhjXLhZMozhM7uBqrweHXvqTFkAtLR6ht5b,98.310482,transfer,0-0,B8mNFZfjGGoV6PboNMbfzaHjEpMiZphzERoZpjutPqEQ,2022-03-24T03:52:41Z,USD Coin,EPjFWdd5AufqSSqeM2qN1xzybapC8G4wEGGkZwyTDt1v,USDC,6,6Nkc8MEiz3WLz1xthYitmSuy3NGwn7782upRHo2iFmXK,CSbP824yiNVevVsJVHwpov2AgCf2McCLiFyKGjUTd9qr,B8mNFZfjGGoV6PboNMbfzaHjEpMiZphzERoZpjutPqEQ,6VgQKZMCSmmJVpWZ5Dx1C8D1HxCdPbHFzfE7wRgtiE2K
2LZXq8sFCJ6cfx5acspk1CSZnC4rTnbevhmzNdRApxoLe9MbjMftBHFrr4kNWR1Rve3dWMmYQjW1tGdhhyR2937E,253.443112,transfer,0-0,FmZti3EWSSPMXvwAvM5V9W59k8wvKYMVczRTTMER1fo7,2022-03-08T17:56:25Z,,Cvvh8nsKZet59nsDDo3orMa3rZnPWQhpgrMCVcRDRgip,,6,AQRGh6PU7LzDHvvoPNS7wVVQaCBeftw9kVDAnvuEjbs8,5FKPHeRD9rpopEj8LywijFgMdj9gtxSp7daSamKCdRRF,FmZti3EWSSPMXvwAvM5V9W59k8wvKYMVczRTTMER1fo7,7WXBH2NkzVMo8iB6LgUEDtoERz6i8symGn3gwaKriQaM
2LuaZcRGqUbwpwQdEde9kj3Bcffj6Bnay2HHmSS81gCfr736kCR1KXWudExAMBpTaLoXL48y3TW9s1EaKXcbz2eN,0.858819,transfer,0-0,2ZcYhxGkKir9LYVP4b2y1qhPsjpQKmYrhypoLiLbsi4y,2022-03-17T06:34:06Z,Wrapped Ethereum (Sollet),2FPyTwcZLUg1MDrwsyoP4D6s1tM7hAkHYRjkNb5w6Pxk,ETH,6,FThcy5XXvab5u3jbA6NjWKdMNiCSV3oY5AAkvEvpa8wp,EMZaNQxx5PiYe23UNHbyHkKuZZJVRAzLDzAoKERGNhyL,2ZcYhxGkKir9LYVP4b2y1qhPsjpQKmYrhypoLiLbsi4y,BkYPmwd5KFE3Va4X5nxK2kjH2GaFvv2Po9FbDkke831Y
2MUU9poeaaeu12bFdmHH3BXssyaLw6Tm1ZHAKd5n7W7ApFpFDJ2pp35UcCtckP3wViMeUF8gjeQVSox2DyZaFF95,93.576414,transfer,0-0,E1Vr2q9UR2JNDWUz7yyT4YdZ4vcxMdEqj3ijtKzVQhgj,2022-03-24T08:47:10Z,Raydium,4k3Dyjzvzp8eMZWUXbBCjEvwSkkk59S5iCNLY3QrkX6R,RAY,6,A6XsYxGj9wpqUZG81XwgQJ2zJ3efCbuWSQfnkHqUSmdM,8iDJoR9FPcsfit9AmtHfH9doJ9ao6WbjKfaNEnbUCyAQ,E1Vr2q9UR2JNDWUz7yyT4YdZ4vcxMdEqj3ijtKzVQhgj,HeJinzTfrDmZ5WRd5F57ViMtahxYrytzU6G8ufN8i4vX
2RwwRBNBDGmGn4jbguXsKciszmyesXDPUaHaShYhp9mdvaz6gbGhgrRYon1Tx6avegTakhWiY8sDGRFnFf9WMxSr,0.01,transfer,2-0,6KaHvCTGXGpLcR4SYnXJ1cP5UKHRJMRvvdiX4yqeqQBf,2022-03-07T17:32:53Z,Solana,-,SOL,9,5GHuBr9njP3KBqXYS7KWRX6z97eYCmqBpn7b5Ae4jeWj,5GHuBr9njP3KBqXYS7KWRX6z97eYCmqBpn7b5Ae4jeWj,FTL2f2FEcEL4D7XqBUpwfMNtQKAg16Gq8oxUd3btfM6C,FTL2f2FEcEL4D7XqBUpwfMNtQKAg16Gq8oxUd3btfM6C
2TWwuYTpvGv6uTkNfnG244uuMbMqrcrhMm29gvquzPX3WnWdA3ixddHGbQxHK3Y6g39FjpwrGCeY459GqJEUDqnh,0.00335,transfer,0-0,GwYc9Uz9UUmikf9g276jd9SLQyQvEqSZc82m2vRp9rsr,2022-03-22T04:11:51Z,Wrapped Bitcoin (Sollet),9n4nbM75f5Ui33ZbPYXn59EwSgE8CGsHtAeTH5YFeJ9E,BTC,6,DA1M8mw7GnPNKU9ReANtHPQyuVzKZtsuuSbCyc2uX2du,3LWwNVeYGRspS6JTmcEWVoD3yVmVps9ELceq77pTv3jj,GwYc9Uz9UUmikf9g276jd9SLQyQvEqSZc82m2vRp9rsr,5KpnP5JtpvKpX89w5ckzqXWdhWAgvANQ9ePJTrxgCuUU
2TpLjNZF3QKdUPAeSXMLLwzjx78nsdjTJS5b3oKSXuNW1WC4a1kRs6tQQbGJLE7po5MzCq5aMCmas1j262oUWw4G,3.0,transfer,2-0,BjvG1CSMsNJ4XWW9n7MuBSQqV7S2yYZ4NAAKLjmPPXRH,2022-03-03T03:38:02Z,Solana,-,SOL,9,3FN3eTJWdMSDF7E2pixsyZtJvkNZmath8i722bueYWm2,3FN3eTJWdMSDF7E2pixsyZtJvkNZmath8i722bueYWm2,66GRJBdUvo5bakRZ6AxvjTx7WqqENMnVhZMZoUJ6MvjX,66GRJBdUvo5bakRZ6AxvjTx7WqqENMnVhZMZoUJ6MvjX
2U2SbQKqBRAf5L3GZCZzGLrHWqwQyJb9CgqNqFgnY3mAxemBoMSAWfJTbc1opZjsxswj4RU3LMDVCvsFHTDHzjFC,776.783832,transfer,0-0,62sDscsuSwfXGmMynpS1wpbns4uTvgg6KDc6DdLVBVUL,2022-03-28T16:17:45Z,USD Coin,EPjFWdd5AufqSSqeM2qN1xzybapC8G4wEGGkZwyTDt1v,USDC,6,6Nkc8MEiz3WLz1xthYitmSuy3NGwn7782upRHo2iFmXK,9x36kfR3np8iyBCCtBQSp16gVbeQ4bXMxcBAZ3pXRdz6,62sDscsuSwfXGmMynpS1wpbns4uTvgg6KDc6DdLVBVUL,Fc8FryZixNEfFTiCAf8eRMoYEWCQfptLWPBxBMrgoP8s
2UxPketrN9cmbDax2RArwbv1tr66dQnS4RVDSbXkv6NRjrXhATFDbheCto6tLiUEsyrYE2gT2E8BpWwR4zvZfeTf,11423.904399,transfer,0-0,BCwCpeABMuENfyX8C8dVW24fjByz1ZdoUM7ASYk8BnqE,2022-03-22T00:38:47Z,Saber Protocol Token,Saber2gLauYim4Mvftnrasomsv6NvAuncvMEZwcLpD1,SBR,6,BH7Jg3f97FyeGxsPR7FFskvfqGiaLeUnJ9Ksda53Jj8h,45NeXayPBdfZYWcoZPdv3sQeXoYVS5GcHRWP4MHXBSHY,BCwCpeABMuENfyX8C8dVW24fjByz1ZdoUM7ASYk8BnqE,5Ttz29SShNtt7imK8KwtAxdKqjNWzbRhcW59wDidzao8
2XF3vntT6qDqWBuSG1oPARbohDm9JfLobe2Sv7rpTgctxd4nezijERGQWz9YzHzNLbEQfK9ZnSA6sfqfuR7Gd283,0.58,transfer,2-0,6yRB7upuDV1nA98YcNpx1PwVFJQf3zGXGxgKGgGMKo9j,2022-03-12T17:23:29Z,Solana,-,SOL,9,GnU8ALJoC2fDXHPreqxPJk9wnsvCnRZpWBSev3TUYX1y,GnU8ALJoC2fDXHPreqxPJk9wnsvCnRZpWBSev3TUYX1y,8PHiHDToXfDoEfkFD5xQTyUc7dfRddJmFHeHCQHcuuQD,8PHiHDToXfDoEfkFD5xQTyUc7dfRddJmFHeHCQHcuuQD
2ZE7iMsbHkidZwUQuff9qH2XTVKhWGdugaxK8yR9tCc1QRE1Vh2YDi9MBsSmqFzT1h9U6UrhLG1Dnpig3T6mCvVj,13.303783,transfer,0-0,4fqkjTVhvqN8TB6i6uMW42YpRi7eQKJQGGbsLCq9uVS7,2022-03-13T05:26:41Z,,Cvvh8nsKZet59nsDDo3orMa3rZnPWQhpgrMCVcRDRgip,,6,AQRGh6PU7LzDHvvoPNS7wVVQaCBeftw9kVDAnvuEjbs8,DtnKdFJc6eapDNaXovSSTGVwhMBMj59DYCtNPtChs7w8,4fqkjTVhvqN8TB6i6uMW42YpRi7eQKJQGGbsLCq9uVS7,6Xm519oQkFVKfaWZnghDV96tVaXqGXFqo1ZbzQMZV9Yq
2ZRGfTnk659NUs2ajFCGTtUPQQtXJJ7ab3bkQRu4c7q44p9NsvTQSiWXx5nr93hcVzKxhc3wJyFJewWDdkPppxee,82.143553,transfer,0-0,Kf9rULyMGVoEM6so9DESzEM6LAj9pk5QqzfxYv4qqEJ,2022-03-16T04:27:49Z,USD Coin,EPjFWdd5AufqSSqeM2qN1xzybapC8G4wEGGkZwyTDt1v,USDC,6,BThMeTgWZBoBbAzp9sK9T7gQzpQDQdRQUVLtVQ3781q1,GPzEmGQbe4msvfNAFS9KNBSmprSdAMVdiEeMpEt2keXy,Kf9rULyMGVoEM6so9DESzEM6LAj9pk5QqzfxYv4qqEJ,Wa5mLtToYNhQDoXvHW7j66C8uWoyBJEHjeqYT5BkXCL
2a2jDWUn7gTWvnRHuT9TB9dErHPB2gobv6iPJKCLYF4b449ySA4YzKujsenBn1RCjxEVtazsihA7CeGEyBFocRA5,1.7,transfer,2-0,3xE2nNdMTofom3u72xpA7xsi2h2RcEmC4isBQ6owSYKq,2022-03-12T05:15:52Z,Solana,-,SOL,9,5ULG3a8SeNX4z9ZGLLTRaM7gZc2txuQZeMi6bYdRVRZ9,5ULG3a8SeNX4z9ZGLLTRaM7gZc2txuQZeMi6bYdRVRZ9,DZio4z7wgE6dgnKjzp7zWvmgZBMQCyNN4RF9rybYLHEz,DZio4z7wgE6dgnKjzp7zWvmgZBMQCyNN4RF9rybYLHEz
2bB2ma1GPE5r5B9gzG2Az5Mv1k6RSVKr5Z4ei4T7CvBsmhFF3YZ6mnb223J8MtNUtzp2EoP4FDs8Q5eXmm6T8C8M,300.0,transfer,0-0,E9aDFqixBSSEVmHqCGwoJPdLozDG4Rbk6TRyoW55S7xf,2022-03-21T12:21:07Z,USD Coin,EPjFWdd5AufqSSqeM2qN1xzybapC8G4wEGGkZwyTDt1v,USDC,6,6Nkc8MEiz3WLz1xthYitmSuy3NGwn7782upRHo2iFmXK,CSbP824yiNVevVsJVHwpov2AgCf2McCLiFyKGjUTd9qr,E9aDFqixBSSEVmHqCGwoJPdLozDG4Rbk6TRyoW55S7xf,6zRLgzEbrQNHejBh81AcJPgg613dnWvsDxrM39ceVxyZ
2bZhuytNSrfosSg3fB9dA9U7TccUV1sYNpP4ZworMcpdiUeXsu7dCWLjM7E9DsFCFG59uLGv9rKmamVtYa7AbacQ,145.33297442,transfer,0-0,EzasAUgQXhbrVM5U4kVo8wTzBn1xzQn8aEv5a7HYNApp,2022-03-23T09:35:33Z,Marinade staked SOL (mSOL),mSoLzYCxHdYgdzU16g5QSh3i5K3z3KZK7ytfqcJm7So,mSOL,9,6asST5hurmxJ8uFvh7ZRWkrMfSEzjEAJ4DNR1is3G6eH,Bm8ju1pbvvCqnMs2aC9BKrdUSVEdBLTBvAuMG34BVhDY,EzasAUgQXhbrVM5U4kVo8wTzBn1xzQn8aEv5a7HYNApp,3npcSN8spwZBkXfPG14RmvE3fdHVh7sD8Bs21MXVyK8n
2c37bV3nvyztCP4Wno8Hp5yNHdXWEdm8jXeKLGC8Z7qa57yC3v18gEes5C5h5xjqtvNWBpLnHbJkD1g3F3CoisZW,2000.000001388,transfer,0-0,7FkVHPNHTJ8Kz361kus3pVBwGEnoKGy3KfJJQ1QfHv7,2022-03-17T13:43:43Z,Marinade staked SOL (mSOL),mSoLzYCxHdYgdzU16g5QSh3i5K3z3KZK7ytfqcJm7So,mSOL,9,6asST5hurmxJ8uFvh7ZRWkrMfSEzjEAJ4DNR1is3G6eH,Nb1i8z3c1mrw4wkcTX881bQpWdRW4aGJJe6kMyL2psT,7FkVHPNHTJ8Kz361kus3pVBwGEnoKGy3KfJJQ1QfHv7,9VyTfNU7gxR663fDuuFmbt7VCCRL7Gr73RFGxeeVhzpg
2ceapecJGaptUp5cBGnCAFLVfyMUgKMALsNhnd8dSp6HnkeycZq3qoVXFFJs8de5gcZq6YhpuoWCZ3ivcFfFBVqE,1928.994718,transfer,0-0,EHWCVPPek2kt512pn6JQDKMdZ7R91gLad24dthVYjUQo,2022-03-20T11:57:40Z,UST (Wormhole),9vMJfxuKxXBoEa7rM12mYLMwTacLMLDJqHozw96WQL8i,UST,6,5kA7FPiB3t2X5s65dK1AoEu5asDjC5d7f5vaB4iY2yrj,69Znv2Lj1XbaSWx5B8grnF7UKG1vG14B3XtKPGA6GrXP,EHWCVPPek2kt512pn6JQDKMdZ7R91gLad24dthVYjUQo,ES4De2T8ZG7E7EPRM9eSwFppbfKBioRnEUW7XRr7Uaju
2e1z7pxYjBKoqSQPMHnsRsNpGbFMwoT4RpwYfKBe8NpdUduZyM4EAqZy4uNMYU2BtWEd8RGMoYmAaUZGv3arXwEb,124.0,transfer,0-0,68kSjSHoKy5sJ3yBKQStKk5vFtLYWaZN6qKEBjuj94Tv,2022-03-06T16:59:14Z,USD Coin,EPjFWdd5AufqSSqeM2qN1xzybapC8G4wEGGkZwyTDt1v,USDC,6,6Nkc8MEiz3WLz1xthYitmSuy3NGwn7782upRHo2iFmXK,BdbcmXugpZgLbrxmKeVBcRgDS8VSB7PERHcYjvQLBuaF,68kSjSHoKy5sJ3yBKQStKk5vFtLYWaZN6qKEBjuj94Tv,4cqi5v4oharV6jRpnLxuJDuqkKynU22xoUrVULdYN8t6
2ePFbhbV279Cfivp9fR7e7rWNy2Mq3U86WbvciUAYnoFccmNPee5Y8oegmY7TKzt8694Y7PUACwDRu7mU7mw5f68,44.676,transfer,2-0,J4QJaWJLF4FkvxQWVnHhErqhhGwpPBbTGwJJoVu4duXD,2022-03-28T11:08:01Z,Solana,-,SOL,9,EfFMndpyXnv2edT1c7dZRzi1LSYmULFJp8gHeoe6uPtB,EfFMndpyXnv2edT1c7dZRzi1LSYmULFJp8gHeoe6uPtB,D9Nmd8x3kH5je5gyFYmPRQam5fWRbozogFK6jZXAu1Qr,D9Nmd8x3kH5je5gyFYmPRQam5fWRbozogFK6jZXAu1Qr
2jQXBCcpqbUQL76CUefPbuy2UnhUW1GKqEeQafGLRBm2wkMU4NoLB3oQZo62BRE7ruqyGK8aJ3zgr1BZqxAn2z42,0.107,transfer,2-0,C7kUxhQVt1PvaaxCsXi6qF9RP24MmCi9pdxAm4AVRwse,2022-03-13T21:24:52Z,Solana,-,SOL,9,GnU8ALJoC2fDXHPreqxPJk9wnsvCnRZpWBSev3TUYX1y,GnU8ALJoC2fDXHPreqxPJk9wnsvCnRZpWBSev3TUYX1y,2NZvRYcEAuQyn5hXmJuv2h24FRUXXBywSySJw9k7LZFu,2NZvRYcEAuQyn5hXmJuv2h24FRUXXBywSySJw9k7LZFu
2nDKccH84d1Qhr6dUxpF1SQs9hUkcCjHGB6pBDeVJuH6EREwUejLw5G31FsuVAen89nMh7fNuwPS9zdXZo45n7Lt,5370.0,transfer,0-0,CN5iyYhmeGS7CY9rr8FVggP97c6kx8cgVaCWvndNC5aU,2022-03-25T01:40:46Z,USD Coin,EPjFWdd5AufqSSqeM2qN1xzybapC8G4wEGGkZwyTDt1v,USDC,6,6Nkc8MEiz3WLz1xthYitmSuy3NGwn7782upRHo2iFmXK,CSbP824yiNVevVsJVHwpov2AgCf2McCLiFyKGjUTd9qr,CN5iyYhmeGS7CY9rr8FVggP97c6kx8cgVaCWvndNC5aU,5dNPcvhCoRPPSjjVsVA8VDEzLkPKeu5NW2hoiLVPtDyJ
2pjePqtbPxJNnEQiTTsGHqvnYH5Jejc3SeP28Nzbh2BVMe1NCA7ynbqq3joQGT1UuYe2kgq3HiBZcvG9txvzpcpm,3.0,transfer,2-0,7rNapJcMKvpFfjKf9YSsfyh1x6e4PjYSM9iej4Byid7D,2022-03-15T02:56:53Z,Solana,-,SOL,9,5ULG3a8SeNX4z9ZGLLTRaM7gZc2txuQZeMi6bYdRVRZ9,5ULG3a8SeNX4z9ZGLLTRaM7gZc2txuQZeMi6bYdRVRZ9,BDgtunLHLaDUuhZH7sTS7dTaQY38wPXyBP4DJiqCRipv,BDgtunLHLaDUuhZH7sTS7dTaQY38wPXyBP4DJiqCRipv
2qPRRZLEVhWbhQKtsQbib72twfD4n4mxqETWzwvcXPy8g8h9WxVomUaWvyQ9YydHjaXbPJ3bAAcUyrg52Jijc1M3,55.0,transfer,2-0,CJgrhx2pRHsJT2qbZzv7Uqcz2pNtpLzGvY5Aon7xyfBt,2022-03-15T17:09:17Z,Solana,-,SOL,9,5ULG3a8SeNX4z9ZGLLTRaM7gZc2txuQZeMi6bYdRVRZ9,5ULG3a8SeNX4z9ZGLLTRaM7gZc2txuQZeMi6bYdRVRZ9,EwywjtHGTWEScSBw6z6gZgo2e7zXgYawyZUkjB7ESWrj,EwywjtHGTWEScSBw6z6gZgo2e7zXgYawyZUkjB7ESWrj
2qT6cXb8xmiHk5Kw3cNGr39KjaDCnBiVcAd462uer5JNZUzgY8RA33F1Cms2Wiw6LzvmRndqwxsoscBRUeLNTwim,1.0,transfer,0-0,8dbR8MtEnfJj6E1GA2qvZFJQ4oh8bXbzfird2L3J7uVe,2022-03-07T03:39:55Z,USD Coin,EPjFWdd5AufqSSqeM2qN1xzybapC8G4wEGGkZwyTDt1v,USDC,6,GrB6vbG2WP7eEnbwgxUbBGRMeXYq139jo2o9oW8cNK8f,5sXwDSipGCh5HMVURUnFWtBpHn8gYcnzUPi6hXTDHdw2,8dbR8MtEnfJj6E1GA2qvZFJQ4oh8bXbzfird2L3J7uVe,EtnsLeqNNXratSHYm2pJJaWKgwdvPfeUUSQzBK8GiNRk
2qV1uKc22ToxhqgKyZa6AAkL7wrAPLCuzUUqUhEQG9cuhZRZqh6Q4RuC2TBzbsSE2pNNdPDU53T6eBocgJShtMZb,190839.564711,transfer,0-0,FP6SmbXDbcb6c8Pi8uZMn6hnQDUbvbdCfzd5pEqyBgTm,2022-03-19T00:04:50Z,USD Coin,EPjFWdd5AufqSSqeM2qN1xzybapC8G4wEGGkZwyTDt1v,USDC,6,BThMeTgWZBoBbAzp9sK9T7gQzpQDQdRQUVLtVQ3781q1,EvWvbtqdaPXFwd7G6S8aUzQvG2JEnHyjVW1mWQRrRG2q,FP6SmbXDbcb6c8Pi8uZMn6hnQDUbvbdCfzd5pEqyBgTm,GftEEz7yoYEDktR2qUpeJbukiNBjZCyuceYGjydQxcZ8
2qaktx6pzjVc8B3eHkVLWYKmtmgLjXYg2G99Hxmgo1b9Bq1nr2S4JGk32AtUbaTXTpdwUWyaxWnTKHNArzH9La6A,16.007,transfer,2-0,FxqCgkXBXFrcTdL7UiX28Uj6BKtuf6FV5p5EFAy2Vw6K,2022-03-23T00:30:55Z,Solana,-,SOL,9,HiepGSjE1udH3GDTzwHF1bdmNKyuTUiweWu1vsx8okPk,HiepGSjE1udH3GDTzwHF1bdmNKyuTUiweWu1vsx8okPk,DWdWFU1GECh3BkuXTY6rALwLPPoRtRWQe8UJ4axvhLiV,DWdWFU1GECh3BkuXTY6rALwLPPoRtRWQe8UJ4axvhLiV
2rjXe91kbSSYPjFFKz21TZ6DbudcFRgxvM3tgcW4bixFYSQ7krxYLNmR88xNc2BTstV9tB59NPF3d7FEu6N8KmdC,15.0,transfer,0-0,F9G757U4E6dLtmFecfLkV6KQP8vx1DceA2hPUc14tvLH,2022-03-14T18:55:08Z,USD Coin,EPjFWdd5AufqSSqeM2qN1xzybapC8G4wEGGkZwyTDt1v,USDC,6,BThMeTgWZBoBbAzp9sK9T7gQzpQDQdRQUVLtVQ3781q1,GPzEmGQbe4msvfNAFS9KNBSmprSdAMVdiEeMpEt2keXy,F9G757U4E6dLtmFecfLkV6KQP8vx1DceA2hPUc14tvLH,85nzg7ybn26Kw1uisF2TCrM6xzjtwTw4yeCnVEtoqc47
2rkM2SLb83Pbv9uH4rK4Zwshtdxcbo4ohJToYTmsFz4hCFYCCBv75oCtQ4XrKAPy5xktbaJkg1dhLDh5HGZvngif,62.0,transfer,2-0,HewqL2wmfDE4JDKD2TraN1WETmKnjVfBKBo7L27Sxmgx,2022-03-24T01:59:07Z,Solana,-,SOL,9,FnCg7sLfe8gz4UyrmN9c3VX6Axohu1Pa8wy3bsSPZwfq,FnCg7sLfe8gz4UyrmN9c3VX6Axohu1Pa8wy3bsSPZwfq,2AsN69DwR56AA6pGhJ63m7NNXLGJ2ARFjSY3aRaiVtKC,2AsN69DwR56AA6pGhJ63m7NNXLGJ2ARFjSY3aRaiVtKC
2rwajBRSLV33MFvvQHRzy1UkSXgXtXNDmv5p8CcMMqcsN7dNnee66YjNQZGgJK8buAfZnZtje7YQpJ7VSTH5QH5B,15000.0,transfer,0-0,5BTKy4soSGpnYwm2iaPcseuh3UpjkCNnSWaSxAyQ5xQw,2022-03-17T15:25:25Z,USD Coin,EPjFWdd5AufqSSqeM2qN1xzybapC8G4wEGGkZwyTDt1v,USDC,6,EA29Xf3HGMtYziw7UKZDUKby7gkoCbXwmiNKwc7z54Ax,BmdL8jGg3BvuwefsMiatsR5c9XdFe5k5mjW1AEDCXQcN,5BTKy4soSGpnYwm2iaPcseuh3UpjkCNnSWaSxAyQ5xQw,A4rjZk3b5Wk6ZGTJ5fUbymTqZzcyKyNz3E4jcKhVJ6zc
2urzhBjF8CMcVBNTLtuVtnAptL4ku8LeT2qau38LJtP5fy5FTcXR1Hd5XDyoyVaWCZyNizTwrqjZnKtQjyZfyYaC,2.0,transfer,2-0,9LJ6KUmwEgRqqxJRhBfsdTgdprpMfAaRzJAwYkksaErn,2022-03-05T23:27:01Z,Solana,-,SOL,9,5GHuBr9njP3KBqXYS7KWRX6z97eYCmqBpn7b5Ae4jeWj,5GHuBr9njP3KBqXYS7KWRX6z97eYCmqBpn7b5Ae4jeWj,8H9MViTrwSsrGpdZgvKE4kwAAdNKxmNtFfF3iByEzYHG,8H9MViTrwSsrGpdZgvKE4kwAAdNKxmNtFfF3iByEzYHG
2wPeXJU4yJKNnPjfrbuMYNNqhQd73SFjUr5pzoXCPZ5in7icwh51Zu2fPi6DYtvTQenhgDSdb7QP2foXpzMrdDe4,36.444101,transfer,0-0,GwYc9Uz9UUmikf9g276jd9SLQyQvEqSZc82m2vRp9rsr,2022-03-17T14:16:37Z,Raydium,4k3Dyjzvzp8eMZWUXbBCjEvwSkkk59S5iCNLY3QrkX6R,RAY,6,A6XsYxGj9wpqUZG81XwgQJ2zJ3efCbuWSQfnkHqUSmdM,Ha9AkDZbtWTLdrL7ibCQTQ8e98aQ41GZFvJJkMZy6aSF,GwYc9Uz9UUmikf9g276jd9SLQyQvEqSZc82m2vRp9rsr,HgN7LcXrVnQR5f3T7WsWc5C3D4V48QzzukviFBw9hyh1
2xxUCFLZvt6axPjiqgPPgn4eQL4kNnKXoT9AwpNB2ZToUnsKU1gRmLQ3im1E9MgtJE2d9zgYkgaBU9SBUfzjCNEg,99.349358,transfer,0-0,GLcT3fiWvhiDz6eSS5hsfhpUeHh5scpr4eB3VR7ri1RH,2022-03-06T05:28:15Z,UST (Wormhole),9vMJfxuKxXBoEa7rM12mYLMwTacLMLDJqHozw96WQL8i,UST,6,5kA7FPiB3t2X5s65dK1AoEu5asDjC5d7f5vaB4iY2yrj,AKH7JZZaQLQFsTQw9iHfocU85e8FxeZtACbya2XToK9h,GLcT3fiWvhiDz6eSS5hsfhpUeHh5scpr4eB3VR7ri1RH,4uqfvMEx9fuqtmYanMHBeaQjMZ9T4CRBsepG67nA6ChU
2zw2vDUudwnTu6dhcigW1kzNGSoTv3JJWkcks3rK2mW4ks624tqdjSXYs73HVNJNiWLQYDQpgKm7YhEyiuaHRhC5,1935.916372,transfer,0-0,EHWCVPPek2kt512pn6JQDKMdZ7R91gLad24dthVYjUQo,2022-03-20T12:27:37Z,USD Coin,EPjFWdd5AufqSSqeM2qN1xzybapC8G4wEGGkZwyTDt1v,USDC,6,EA29Xf3HGMtYziw7UKZDUKby7gkoCbXwmiNKwc7z54Ax,6rgpcHFnztHQEqwr6xUvEw8UsdgJhLNjAqcaLrbhLzHf,EHWCVPPek2kt512pn6JQDKMdZ7R91gLad24dthVYjUQo,4NhrKJBDfsMw1CjoywzPKRTzVLbfn64Sn7EPuVNHZ3y3
314AWXMtDAwyDKpkqiD648muL8ott67xirHEhbgTsBziRDrArkJVCmS91s7gCcUiMsqgZwWGPGCmMcTnEJUMZzAZ,3000.0,transfer,0-0,7xGLnzt5jKHfVUvq48JvkBnmBgF8SMARW3SwMkcBmtVy,2022-03-09T06:22:59Z,USD Coin,EPjFWdd5AufqSSqeM2qN1xzybapC8G4wEGGkZwyTDt1v,USDC,6,6Nkc8MEiz3WLz1xthYitmSuy3NGwn7782upRHo2iFmXK,BdbcmXugpZgLbrxmKeVBcRgDS8VSB7PERHcYjvQLBuaF,7xGLnzt5jKHfVUvq48JvkBnmBgF8SMARW3SwMkcBmtVy,4kr5A64Ctqkir66BDrLhb2dJwTEWrRUMwe4SfSwFyK18
35yk8TyBZBEbL4V9CCmkSobRsGittkzjiG8Wz6nBMtD9raKi3xG9EhsGTdKBtcPuy7ihNbZbqYRrHwDsTnHa2Yhc,900.0,transfer,0-0,7xGLnzt5jKHfVUvq48JvkBnmBgF8SMARW3SwMkcBmtVy,2022-03-09T06:23:01Z,USD Coin,EPjFWdd5AufqSSqeM2qN1xzybapC8G4wEGGkZwyTDt1v,USDC,6,BThMeTgWZBoBbAzp9sK9T7gQzpQDQdRQUVLtVQ3781q1,Co7XdEKmX6BcoqdhzNdDfnfpcBVB7EabTPtkNkA4MW7n,7xGLnzt5jKHfVUvq48JvkBnmBgF8SMARW3SwMkcBmtVy,4kr5A64Ctqkir66BDrLhb2dJwTEWrRUMwe4SfSwFyK18
37mXh9zKsM6s5hE5e2C4zgn6YLppRVddHaAf8kPNV669Pz1EfbAe8duR7M7Y8wo4MxDhKBCJDyUE6p26zgXh2TfY,0.04821217,transfer,0-0,CTXuSQYhnmFi1hKdVKWgfTwbvTDCCNyAzCeKFM84gHLY,2022-03-18T20:12:21Z,Marinade staked SOL (mSOL),mSoLzYCxHdYgdzU16g5QSh3i5K3z3KZK7ytfqcJm7So,mSOL,9,6asST5hurmxJ8uFvh7ZRWkrMfSEzjEAJ4DNR1is3G6eH,Bm8ju1pbvvCqnMs2aC9BKrdUSVEdBLTBvAuMG34BVhDY,CTXuSQYhnmFi1hKdVKWgfTwbvTDCCNyAzCeKFM84gHLY,BLpQWm5J7rca8SWzQxMxHUzNdBUK3cYyjqrmRStMXTTz
3A9WczB96Y9buzcRoTyhoxqSwfaj4v15bmbds5UsjkuMbRRwhFKh8mYGkzSg5GgPzN2Nc1NoNttsDHAdUGoqJpk7,102.077292,transfer,0-0,CxaLPyY3V4SaNNxr3UHAK2gixBeEtkQdbfHTq2M1tnz4,2022-03-19T09:40:08Z,Raydium,4k3Dyjzvzp8eMZWUXbBCjEvwSkkk59S5iCNLY3QrkX6R,RAY,6,A6XsYxGj9wpqUZG81XwgQJ2zJ3efCbuWSQfnkHqUSmdM,8iDJoR9FPcsfit9AmtHfH9doJ9ao6WbjKfaNEnbUCyAQ,CxaLPyY3V4SaNNxr3UHAK2gixBeEtkQdbfHTq2M1tnz4,2BQ9Ua6zKp2z84qY6voDXZxAPtPxBANUGKob9EpKXydZ
3Ard49W4gRd55uBPQPkq56nwXJAA9i3s1n9vsAY3trw6ChfBUuFhHTUwq3KR4avKuuTGGdh7gcarPyBh4NkFGJHh,250.0,transfer,0-0,3ZXXECqc6BCMmwLqgpNhdxE44r8GP8mBTqvUaUJqFLKp,2022-03-23T13:18:29Z,USD Coin,EPjFWdd5AufqSSqeM2qN1xzybapC8G4wEGGkZwyTDt1v,USDC,6,6Nkc8MEiz3WLz1xthYitmSuy3NGwn7782upRHo2iFmXK,CSbP824yiNVevVsJVHwpov2AgCf2McCLiFyKGjUTd9qr,3ZXXECqc6BCMmwLqgpNhdxE44r8GP8mBTqvUaUJqFLKp,9F33xnTtWQ2KYBb4jEbgtiUcmkgEhxwPRGwkHkhxP7aJ
3C1iiFRRP8AcEgP9HE7BhmD9eXNm8QSGW2uDgSzXQ7X5kSK9CRHqTr1D8yCKbfnCj3oUAfwHvKdXcJdBiFQVNn6b,4.0,transfer,2-0,6SvTZfYs53eUpvYWnywdqzgud5x5atzubPhns82Aa3R7,2022-03-24T19:47:29Z,Solana,-,SOL,9,FnCg7sLfe8gz4UyrmN9c3VX6Axohu1Pa8wy3bsSPZwfq,FnCg7sLfe8gz4UyrmN9c3VX6Axohu1Pa8wy3bsSPZwfq,2Bvwggd2wwE52ZuJBCCNBgCD6yjKEpmQE5AJLc8c5AmJ,2Bvwggd2wwE52ZuJBCCNBgCD6yjKEpmQE5AJLc8c5AmJ
3CN5ZqMriAwT6Eh9ysYQ39ZkHM9BAbj5iRWuK7fd74xaxcc98K8VP9iua9Ss7RCMKegAqBGZ57uKff5dapZmhFfx,0.01,transfer,2-0,69QR7zuHpTWkx8Squqz1abCvQFY7XuDjS1vWQyZtmLVA,2022-03-25T10:39:21Z,Solana,-,SOL,9,EfFMndpyXnv2edT1c7dZRzi1LSYmULFJp8gHeoe6uPtB,EfFMndpyXnv2edT1c7dZRzi1LSYmULFJp8gHeoe6uPtB,BznCZyKjc2FDR2o61dV9MJ4QgEAQEiwqGnTCqmrUypyf,BznCZyKjc2FDR2o61dV9MJ4QgEAQEiwqGnTCqmrUypyf
3D1PnR1BGA4PtJ8zDvN8joA78vdqZzXd49PsRqUQNDRREuEfRzfrV4iXBzLxuQU8BTBRQm1kdA97Wra4B4T9iHXK,2865.452592,transfer,0-0,J4QJaWJLF4FkvxQWVnHhErqhhGwpPBbTGwJJoVu4duXD,2022-03-28T11:08:03Z,Saber Protocol Token,Saber2gLauYim4Mvftnrasomsv6NvAuncvMEZwcLpD1,SBR,6,BH7Jg3f97FyeGxsPR7FFskvfqGiaLeUnJ9Ksda53Jj8h,45NeXayPBdfZYWcoZPdv3sQeXoYVS5GcHRWP4MHXBSHY,J4QJaWJLF4FkvxQWVnHhErqhhGwpPBbTGwJJoVu4duXD,C3CktWHCjsNtYL2up2QAa6RWdinAMg4bK2yAaDgkayzh
3Esqpbn7T8icbhxWcmLTZ4FtaA3SLA8N6knHNrjJi5H6Fq3zH7cBeUDRUKoLdcpUx8awX4MKE8U21EctEdAkLSjz,0.2,transfer,2-0,E1XDHsgM4MV7WfjbRCMC6ov1wtQrhdaQkfSobN4AQkSR,2022-03-21T14:28:32Z,Solana,-,SOL,9,HiepGSjE1udH3GDTzwHF1bdmNKyuTUiweWu1vsx8okPk,HiepGSjE1udH3GDTzwHF1bdmNKyuTUiweWu1vsx8okPk,3TJ2HuGUjWFQFB8fsCV8VMdCYPLLumUHh6iB98T5CnfG,3TJ2HuGUjWFQFB8fsCV8VMdCYPLLumUHh6iB98T5CnfG
3FsG6KfuNpUAD4esqry33sn7BsmpwhjysCuvBBk8euNNVCUW8wNRCBGUwg8FZaNjZpMtU9sYX2HEf6hvMvuVAWza,24.916009,transfer,0-0,C7kUxhQVt1PvaaxCsXi6qF9RP24MmCi9pdxAm4AVRwse,2022-03-13T21:24:19Z,USD Coin,EPjFWdd5AufqSSqeM2qN1xzybapC8G4wEGGkZwyTDt1v,USDC,6,BThMeTgWZBoBbAzp9sK9T7gQzpQDQdRQUVLtVQ3781q1,GPzEmGQbe4msvfNAFS9KNBSmprSdAMVdiEeMpEt2keXy,C7kUxhQVt1PvaaxCsXi6qF9RP24MmCi9pdxAm4AVRwse,CGqoVhjFhKG66ppx4rJZrWy1yRoi7ij5LEkk2MAHf3H1
3GUFXErDfybEevK2cgiDP3uaV2RAsGukbw7m3YPgWAFWoeMCiib3839GSVeiDJxfiDdSBMXQayW2VZk5piqAFCP6,1.0,transfer,2-0,JwV3M6PvMykzYeQznSeZA7WdwTvyaXCC4dFWoKvSYZS,2022-03-24T08:26:28Z,Solana,-,SOL,9,HiepGSjE1udH3GDTzwHF1bdmNKyuTUiweWu1vsx8okPk,HiepGSjE1udH3GDTzwHF1bdmNKyuTUiweWu1vsx8okPk,72W794h7LtNffuycsdchn3z9zsKXVUUBqJjYXTLoAuDS,72W794h7LtNffuycsdchn3z9zsKXVUUBqJjYXTLoAuDS
3HD3JBhdaFScuQUNDzGVZxr5tvJFrhURqCUmDxu1wttuVEJZY2bHDGX6zHqMoWXAiw1movkgwcK9rD5HcEFyKisg,25.0,transfer,0-0,GwYc9Uz9UUmikf9g276jd9SLQyQvEqSZc82m2vRp9rsr,2022-03-27T18:36:41Z,USD Coin,EPjFWdd5AufqSSqeM2qN1xzybapC8G4wEGGkZwyTDt1v,USDC,6,6Nkc8MEiz3WLz1xthYitmSuy3NGwn7782upRHo2iFmXK,9x36kfR3np8iyBCCtBQSp16gVbeQ4bXMxcBAZ3pXRdz6,GwYc9Uz9UUmikf9g276jd9SLQyQvEqSZc82m2vRp9rsr,5642VHMiLqomTBYNfCnUCczCN6tGEq5n12DaUL1hZfd6
3JUTdLFhiCNGYvAfNkgBrQDbVTvHxJHbYDLM8Z6A7YEt877eu5gacDpvcVZHVfXpQy2nuuyZWscVPyT813m83Yz5,366.963156,transfer,0-0,58gAgqcxobxWnpHLi7axuLvAhem7mwF3P5Fhnusd9dkS,2022-03-25T18:31:28Z,Wrapped FTT (Sollet),AGFEad2et2ZJif9jaGpdMixQqvW5i81aBdvKe7PHNfz3,FTT,6,7KqHFuUksvNhrWgoacKkqyp2RwfBNdypCYgK9nxD1d6K,4piEKgXo1Y44nnBMKj76vx45RzE7g4MhTY4JTDjEizJF,58gAgqcxobxWnpHLi7axuLvAhem7mwF3P5Fhnusd9dkS,62HeF97c1RNVKUxUyoXDqx2Uj3pFVmT8yovVxB9CDkq3
3JdmJEcG5oei6gcwJn6PDia42174QqZad6EhxDg11psy3yjKyfSxArPZb3vCARnJWKRbVLKHBJGyZBX9YUfcM144,0.520925,transfer,0-0,4B76cQKExjvkxzDxkarTLAnNuFoaTG5RL2nrQAmRsTbs,2022-03-15T06:40:52Z,Raydium,4k3Dyjzvzp8eMZWUXbBCjEvwSkkk59S5iCNLY3QrkX6R,RAY,6,A6XsYxGj9wpqUZG81XwgQJ2zJ3efCbuWSQfnkHqUSmdM,Ha9AkDZbtWTLdrL7ibCQTQ8e98aQ41GZFvJJkMZy6aSF,4B76cQKExjvkxzDxkarTLAnNuFoaTG5RL2nrQAmRsTbs,G3qLdkNK6UY9Xk7tWdmNHzM5ukVmdNoKxANLjdWkkg2L
3KAiRKZ84o9GRsrkbyvEZDcHiHDDcbC6BTr12w38Hiz3rstwoYvcL8vtKY3JPQK74eBWkjNTgfGtobK9UikDreX3,2.0,transfer,2-0,3ZXXECqc6BCMmwLqgpNhdxE44r8GP8mBTqvUaUJqFLKp,2022-03-28T08:48:16Z,Solana,-,SOL,9,EfFMndpyXnv2edT1c7dZRzi1LSYmULFJp8gHeoe6uPtB,EfFMndpyXnv2edT1c7dZRzi1LSYmULFJp8gHeoe6uPtB,49pbEVWM7uv48Yve3YJD44FdVWLjCQ2DDrZNcAQHbMAo,49pbEVWM7uv48Yve3YJD44FdVWLjCQ2DDrZNcAQHbMAo
3LK6d4tapsPXvmUKt8mY5G2ECMA7RvbTTWa7SC6y4SougWChRVZTJzYGBLZNFE9J7Z5ULm4xbcRa6VWw5ZLicZfA,0.569447,transfer,0-0,GLcT3fiWvhiDz6eSS5hsfhpUeHh5scpr4eB3VR7ri1RH,2022-03-06T18:23:52Z,LUNA (Wormhole),F6v4wfAdJB8D8p77bMXZgYt8TDKsYxLYxH5AFhUkYx9W,LUNA,6,5oV1Yf8q1oQgPYuHjepjmKFuaG2Wng9dzTqbSWhU5W2X,5b8J2R7rNr9EiJi33KPs6h8PyCsPPhg2vheDKXQVxPyU,GLcT3fiWvhiDz6eSS5hsfhpUeHh5scpr4eB3VR7ri1RH,3rY3DpNxYkMZBvzppBBWkuFjDtQ2upYZjXUaxMz6Emax
3NRWjvHYJXEdn6k7j6mGnkKgkkncrqH5gXvBuqyKqf9t3bMdPAy4tKSC7VTo665JUqg71vz7PaZjU7pEwh7pUQuY,99.610521,transfer,0-0,AWbKSYrMK5VLpRfzo1tN7Zeyyqn3bvAw32xfdAgmgbNv,2022-03-24T23:43:12Z,,Cvvh8nsKZet59nsDDo3orMa3rZnPWQhpgrMCVcRDRgip,,6,AQRGh6PU7LzDHvvoPNS7wVVQaCBeftw9kVDAnvuEjbs8,HwimhPY9MLG8zUPTtTmRCCsYGgcDnSyWhz8peSSqvEkD,AWbKSYrMK5VLpRfzo1tN7Zeyyqn3bvAw32xfdAgmgbNv,9gw5G3xaEGKv8m6LnYpfBH7sGpRUmB5gvN6J4sveFcgu
3Qp8gQGiWWNPySXRV7YfkB9ftTdd2wHQcYYVKycwiERY8HqrYBx7pAVtobPXvX5mT69TxDvNNkpapThW3dFGpTwV,6.297433638,transfer,0-0,xDys5zc87uxbyPPBsts9V8y5RQBKTuy1JRtcH4j1pTv,2022-03-25T02:00:41Z,Socean staked SOL,5oVNBeEEQvYi1cX3ir8Dx5n1P7pdxydbGF2X4TxVusJm,scnSOL,9,A5MpyajTy6hdsg3S2em5ukcgY1ZBhxTxEKv8BgHajv1A,89mdNK1jnNyoR1HBUsJM75t3UsVQRZt63DPm5YJxJui4,xDys5zc87uxbyPPBsts9V8y5RQBKTuy1JRtcH4j1pTv,5LWzfXjFNDTgtrEtXn7Bf4mDcQuCR7PPerw4oUpAKC7z
3S9QbJcjK2R9Y5NM7NSZaBzNfEKrwSmHGkzftm19oRvKsGqqG6pDVT3MLdtzgrGLQoxYfhcWp8Hq7q1gWeNn59Ri,2000.0,transfer,0-0,FKSPZvLju463oZ2FMEghxnYZ5379yWicsr1fqKmdCjQn,2022-03-17T20:23:54Z,USD Coin,EPjFWdd5AufqSSqeM2qN1xzybapC8G4wEGGkZwyTDt1v,USDC,6,6Nkc8MEiz3WLz1xthYitmSuy3NGwn7782upRHo2iFmXK,BwCiscB5zmPQKj9VS2bV5UCAdyxthLhzL1EfeWKVz61z,FKSPZvLju463oZ2FMEghxnYZ5379yWicsr1fqKmdCjQn,3LsCKcaVP4tbe55HQZQ3yQ89xFzcqFdRcHViK91FJbMc
3TiCpNz4ebwFPJnwAJb9GuhsLkCwoU8oroM5Pq8ivCFRUuekTxD6jF9pv4SRgt1VRrH59WZqkJ9cpZbQwuFyS4G9,9000.0,transfer,0-0,7dcE4HGbZWnPE2vHqPUaiaup9D96etSVWskvYxw5tYLx,2022-03-22T16:49:02Z,USD Coin,EPjFWdd5AufqSSqeM2qN1xzybapC8G4wEGGkZwyTDt1v,USDC,6,6Nkc8MEiz3WLz1xthYitmSuy3NGwn7782upRHo2iFmXK,CSbP824yiNVevVsJVHwpov2AgCf2McCLiFyKGjUTd9qr,7dcE4HGbZWnPE2vHqPUaiaup9D96etSVWskvYxw5tYLx,2TxWP6Zni7Uezj7hv2biWjDMogMrU7mojEEoarcZeHP6
3WqPem3qAzFPkrUZApW4MNS824AbV83g63U7XsPNuskGjAM1W4LjBQaRFbscgGYgrZuVv6CczVUKhZQHNgMoVCoJ,2.255448,transfer,0-0,9QPbRAdStYSG6skf5GT8LekiA9dn3mgPQtoaNfS3B3A,2022-03-14T09:25:40Z,Wrapped Bitcoin (Sollet),9n4nbM75f5Ui33ZbPYXn59EwSgE8CGsHtAeTH5YFeJ9E,BTC,6,DA1M8mw7GnPNKU9ReANtHPQyuVzKZtsuuSbCyc2uX2du,4BMSsKHeXoPr3B6sLWpYaU16JYfAsHodETAev9j6J4kG,9QPbRAdStYSG6skf5GT8LekiA9dn3mgPQtoaNfS3B3A,Hc3hjkny7ZHQHtojRiWiyfwZhcqjSz9wsr6AeNrMMHQh
3YBK8GvELJbzh8F19KeqJBT3Fm1cKwdWsfrCG34QD3RWqg8t3aX3AxdaKManAfwVXvtf1SAuuCFXMLryns3Wrzdb,50.0,transfer,0-0,GDhhTXZN7fcS1smxRYviyDFu7hKnhwfFsSpFojp86Xaw,2022-03-19T22:15:31Z,USD Coin,EPjFWdd5AufqSSqeM2qN1xzybapC8G4wEGGkZwyTDt1v,USDC,6,6Nkc8MEiz3WLz1xthYitmSuy3NGwn7782upRHo2iFmXK,CSbP824yiNVevVsJVHwpov2AgCf2McCLiFyKGjUTd9qr,GDhhTXZN7fcS1smxRYviyDFu7hKnhwfFsSpFojp86Xaw,8GTJkC4KyUFY2eWCbECJ35vLaN73qKhLnoocJngbM11g
3ZADJEL5EXLWiCRuaTvWmGQvE7jySaqjMeaExinJGNGUHh4c2Hsivk5BEJqeJe2jBAcbWGG2ox9qbL6KoSqHEmVv,8.4,transfer,2-0,ZDL63hYgg9MytdCVAA2MSqYUsrs8VcBdQbWk2y856pe,2022-03-18T02:26:23Z,Solana,-,SOL,9,HiepGSjE1udH3GDTzwHF1bdmNKyuTUiweWu1vsx8okPk,HiepGSjE1udH3GDTzwHF1bdmNKyuTUiweWu1vsx8okPk,4ETrcW1aqpFryXHvgomU9WwW6Yf3MF9B5zdfDKGseT3B,4ETrcW1aqpFryXHvgomU9WwW6Yf3MF9B5zdfDKGseT3B
3apX5xxn2nEdm68RSpLeixJtNkVcMHAiWkYTNHMLVgj3hGt1R9LLFQChWMG5LRJPHFsjo9DyiJjJJVHUBcvT4yrQ,9068.635939,transfer,0-0,6dm86x4LHSBLR9WLUkjUHP27A5uJRwgp5Z5bVVCWeM9K,2022-03-22T13:39:30Z,Saber Protocol Token,Saber2gLauYim4Mvftnrasomsv6NvAuncvMEZwcLpD1,SBR,6,BH7Jg3f97FyeGxsPR7FFskvfqGiaLeUnJ9Ksda53Jj8h,45NeXayPBdfZYWcoZPdv3sQeXoYVS5GcHRWP4MHXBSHY,6dm86x4LHSBLR9WLUkjUHP27A5uJRwgp5Z5bVVCWeM9K,55sViuLFHf3n6bsBrD6aNLRTRjLXxevLWckk87dww4u2
3ckGSymnNH8GWio4yK8xQJLjsWsHyZa2G2d21Z6HHBwjV9fgkej5Gf1zxMydcBvcH9YwhfKydkSmLXM2oJDu2Lhj,0.419673,transfer,0-0,F9G757U4E6dLtmFecfLkV6KQP8vx1DceA2hPUc14tvLH,2022-03-15T16:55:50Z,LUNA (Wormhole),F6v4wfAdJB8D8p77bMXZgYt8TDKsYxLYxH5AFhUkYx9W,LUNA,6,5oV1Yf8q1oQgPYuHjepjmKFuaG2Wng9dzTqbSWhU5W2X,8ZS2HRHU2fy1TGvUTrbtdBXo3hxhgPnGiUMxUGiv5YfX,F9G757U4E6dLtmFecfLkV6KQP8vx1DceA2hPUc14tvLH,8EJpRkRNgR6PnCTuTN13XJ8auUf17u8sGaLy3zWx1XDP
3jRVhCSw4MqTo1XmbEEEvPb5ja9aBMfKsqp39QkVipCjjt1NjZHyzQHGHH6e878cdMR9i5hvMtLyDc3Ztp47Enms,23.665683,transfer,0-0,C7kUxhQVt1PvaaxCsXi6qF9RP24MmCi9pdxAm4AVRwse,2022-03-13T21:12:01Z,USD Coin,EPjFWdd5AufqSSqeM2qN1xzybapC8G4wEGGkZwyTDt1v,USDC,6,6Nkc8MEiz3WLz1xthYitmSuy3NGwn7782upRHo2iFmXK,BwCiscB5zmPQKj9VS2bV5UCAdyxthLhzL1EfeWKVz61z,C7kUxhQVt1PvaaxCsXi6qF9RP24MmCi9pdxAm4AVRwse,CGqoVhjFhKG66ppx4rJZrWy1yRoi7ij5LEkk2MAHf3H1
3jT4zqj88NyswHahRRTu5Lnxs6XWtQgNGpN25UVzE6scetK5RVSMRbjPKCZ65yhrkSL2JmgeZewqVKg8tXZ477v7,2.5,transfer,2-0,2uyzpQbeRiRMhWC2u8gL1ZGcYBFMj6L8559TKDKyUSFA,2022-03-11T02:08:49Z,Solana,-,SOL,9,5p1koBdhC6bJJtN3MuTCvZgYrfQ3B2RPcrhQTbAjGYTw,5p1koBdhC6bJJtN3MuTCvZgYrfQ3B2RPcrhQTbAjGYTw,6SK5rTimVT7bpNin7njDVA8eq7XRx4nrnjApvobs9zrY,6SK5rTimVT7bpNin7njDVA8eq7XRx4nrnjApvobs9zrY
3nfEQRDCixGWSAUh5YymvnxMAWwtdi1MAUNHT9T858EVtocebw1e74rndY8qyL9FJH5yVPn8ScRd9UFDmLdPzKJQ,95.307195,transfer,0-0,mmGdMwUaNpo3dLyc96vaMRLwiPU6djAA2ATynmrHGM6,2022-03-10T03:11:33Z,USD Coin,EPjFWdd5AufqSSqeM2qN1xzybapC8G4wEGGkZwyTDt1v,USDC,6,BThMeTgWZBoBbAzp9sK9T7gQzpQDQdRQUVLtVQ3781q1,Co7XdEKmX6BcoqdhzNdDfnfpcBVB7EabTPtkNkA4MW7n,mmGdMwUaNpo3dLyc96vaMRLwiPU6djAA2ATynmrHGM6,G9AqUiHfcabmQ3HDLmrntxoMn1CWhgXv8qKHehePfsFn
3nw16JGARGqDVYMyMxGqyPeDKjfpC1MnTPZcz3eRZdnNCAphxHsd58SoDEv6TWqaTVfEAmSztXGNqCZ8NYYTH129,34000.0,transfer,0-0,5zCYDxLi4p7gRc2zecsrPPtofzz6E7TcQVq1MRvusvhd,2022-03-22T14:25:29Z,USD Coin,EPjFWdd5AufqSSqeM2qN1xzybapC8G4wEGGkZwyTDt1v,USDC,6,6Nkc8MEiz3WLz1xthYitmSuy3NGwn7782upRHo2iFmXK,CSbP824yiNVevVsJVHwpov2AgCf2McCLiFyKGjUTd9qr,5zCYDxLi4p7gRc2zecsrPPtofzz6E7TcQVq1MRvusvhd,3rpg4u5F3Ysgg9zrstpTitxypmUKXdNvKRnHPoz1ccLY
3o5mxwUEwcqZJfYwUbyMRN3zyy36QnkdQYBbw7pCTtbSGkvUxKGwpeyhBN1CoKRux8mUGmQUJ8CMScgfjk2j8gsY,0.2,transfer,2-0,E1XDHsgM4MV7WfjbRCMC6ov1wtQrhdaQkfSobN4AQkSR,2022-03-21T16:46:43Z,Solana,-,SOL,9,HiepGSjE1udH3GDTzwHF1bdmNKyuTUiweWu1vsx8okPk,HiepGSjE1udH3GDTzwHF1bdmNKyuTUiweWu1vsx8okPk,BLWGvHgBmKyGHW87sGA6c2giEjiAZq32gxX3Xgb1cJ8w,BLWGvHgBmKyGHW87sGA6c2giEjiAZq32gxX3Xgb1cJ8w
3ouQFj2oqxqacYvjYMTyW4sRxfqq8MfU1XFzVZJjesybSrt3hKR8ua3xjtSvmGi3KNpBSzmr3E3xVUtvATrDD8pi,4833.914028,transfer,0-0,2EUXNERHdHKcxTdCgVLfAJvJAMJDRpGxs1YGxFq2oY8m,2022-03-22T04:07:03Z,USD Coin,EPjFWdd5AufqSSqeM2qN1xzybapC8G4wEGGkZwyTDt1v,USDC,6,6Nkc8MEiz3WLz1xthYitmSuy3NGwn7782upRHo2iFmXK,CSbP824yiNVevVsJVHwpov2AgCf2McCLiFyKGjUTd9qr,2EUXNERHdHKcxTdCgVLfAJvJAMJDRpGxs1YGxFq2oY8m,AFzesQc4nYuZCmu2cZvMWYTMqu9fRmscP6rcimssJPwS
3prytjt18RhPE4BNW1cjFDVn9aK8eKjibobTNBVEG5SimobDcNC78SWvRMBV15Bi1WodByGTwQ5igzc6xsbLd2g,199.992,transfer,2-0,4cQWo3J1pvJyTcvrHd3DcJ45JN3mqsUbqJj8Dde5SRgc,2022-03-17T14:25:04Z,Solana,-,SOL,9,GnU8ALJoC2fDXHPreqxPJk9wnsvCnRZpWBSev3TUYX1y,GnU8ALJoC2fDXHPreqxPJk9wnsvCnRZpWBSev3TUYX1y,AGPUcbEV9HGuMWqUGugkFKyNL4REdShbg6kS494BMkfi,AGPUcbEV9HGuMWqUGugkFKyNL4REdShbg6kS494BMkfi
3sE2kEcQoSzeNrbiSxG1A5PQSP3VebbydPjX7Mrv1quZVJCnDx8KN2hV1aRBgBcoHacNpB4RoWN3X8SrBdR7NDMb,77.938358,transfer,0-0,E6gtYUmFLbfiEMyeHa9uQpoyS1bqH2Zi3SKYvTALkdvQ,2022-03-22T21:50:00Z,LUNA (Wormhole),F6v4wfAdJB8D8p77bMXZgYt8TDKsYxLYxH5AFhUkYx9W,LUNA,6,5oV1Yf8q1oQgPYuHjepjmKFuaG2Wng9dzTqbSWhU5W2X,GCm6VCGpkUQ2kaXoJz9S7SmEnHyXwwxLbr2fVD4AM1yD,E6gtYUmFLbfiEMyeHa9uQpoyS1bqH2Zi3SKYvTALkdvQ,CboqcHvFL5F95eJjZJJK6qK7fv9AmWRyoM1hx7yViP6C
3sgLRT7QZoHFF1QHQfTbvybrWw2a77PaX7UEAxdVWiTwoPy7aEMjWNLSHt4U4jXg12Sqt6KPojnpmEvwfahsWrhk,0.335533,transfer,0-0,9STyLWAu1XQVSAngH52YKh4TKtreTmMvTkumxbPBAYig,2022-03-21T21:44:29Z,LUNA (Wormhole),F6v4wfAdJB8D8p77bMXZgYt8TDKsYxLYxH5AFhUkYx9W,LUNA,6,5oV1Yf8q1oQgPYuHjepjmKFuaG2Wng9dzTqbSWhU5W2X,GCm6VCGpkUQ2kaXoJz9S7SmEnHyXwwxLbr2fVD4AM1yD,9STyLWAu1XQVSAngH52YKh4TKtreTmMvTkumxbPBAYig,9TZjfF1FiSkACmuF9UgUuABqumP3cujdjZ24WnMwJWn3
3t7MegJu3vmNYx7P3xg17J6mxX7xYnGtkttJ8EWKP68oRynTSsuaFp6wo2xRoJbgnfae4tyLaVMw29imzpenScm8,0.2,transfer,2-0,E1XDHsgM4MV7WfjbRCMC6ov1wtQrhdaQkfSobN4AQkSR,2022-03-21T15:08:28Z,Solana,-,SOL,9,HiepGSjE1udH3GDTzwHF1bdmNKyuTUiweWu1vsx8okPk,HiepGSjE1udH3GDTzwHF1bdmNKyuTUiweWu1vsx8okPk,4GFiizZjvEnFJqZsSMuNiy7U1F3gAvmowc9EFThHoHUV,4GFiizZjvEnFJqZsSMuNiy7U1F3gAvmowc9EFThHoHUV
3vWjEEuoeuMNudKBYUAsdFuS2fHTRCQZH4agkAMwuapXc2N2Jj5jAB1DmK4mxcEgsQZrAhUMcz5rhtwf5Bc5B4ib,6777.000814,transfer,0-0,E6gtYUmFLbfiEMyeHa9uQpoyS1bqH2Zi3SKYvTALkdvQ,2022-03-11T07:21:10Z,USD Coin,EPjFWdd5AufqSSqeM2qN1xzybapC8G4wEGGkZwyTDt1v,USDC,6,GrB6vbG2WP7eEnbwgxUbBGRMeXYq139jo2o9oW8cNK8f,31WDxt8KQq9KDNvg6KKHUyTufGXmbLKFiPnLevgXBr2d,E6gtYUmFLbfiEMyeHa9uQpoyS1bqH2Zi3SKYvTALkdvQ,7rVpcSHRKau8e4LDvPmCqTMJuB33gXnP2GC6dsZSALcs
3z6FvKtVYgPti26KrQDfJR6quhqHkhRK7h81PVDLSgyGhoCuU8azT7xP9UESxcKutK8bCMRhpF7vkmU8sXE3gUQh,2.0,transfer,2-0,HK7aLFrSXgUhaTPCJpEBDS6kgfwG9kJUBUqThFhX5PMG,2022-03-12T20:53:54Z,Solana,-,SOL,9,5ULG3a8SeNX4z9ZGLLTRaM7gZc2txuQZeMi6bYdRVRZ9,5ULG3a8SeNX4z9ZGLLTRaM7gZc2txuQZeMi6bYdRVRZ9,F7hcRFQVBQfBCYJugrMCnhxYbA1cJhPuvRnreB7mnJDn,F7hcRFQVBQfBCYJugrMCnhxYbA1cJhPuvRnreB7mnJDn
44AF1Ytu64dUToBGqscckmceXmwLAxTnvcahLcGV7s8Pp7mt95EvgKXywhHZK7iJU5767zKTicESSikyHR5yQWiN,0.1,transfer,2-0,96NEvaEgJ8dd163i12kAcNxZJWE5rgJq59g7uqU6GtSK,2022-03-06T13:34:35Z,Solana,-,SOL,9,5p1koBdhC6bJJtN3MuTCvZgYrfQ3B2RPcrhQTbAjGYTw,5p1koBdhC6bJJtN3MuTCvZgYrfQ3B2RPcrhQTbAjGYTw,9GeTQaMqwDorJbohKBBBgNxwEDanu24E834Qo7eNPMu9,9GeTQaMqwDorJbohKBBBgNxwEDanu24E834Qo7eNPMu9
453Ajz5VezCBrtBGVvNPsdBxiWXMviMdbKuzxiXVyMFXjWGQJ3PLen7Z4Wchuvh3aJ37pqLzE9FF5Akogysh7rc5,0.97,transfer,2-0,Hb1g8wTHVV3bxCRexEDx83idFJkSgEbW7x1hHPn4RZ1x,2022-03-15T13:18:42Z,Solana,-,SOL,9,5ULG3a8SeNX4z9ZGLLTRaM7gZc2txuQZeMi6bYdRVRZ9,5ULG3a8SeNX4z9ZGLLTRaM7gZc2txuQZeMi6bYdRVRZ9,6xoQmU7mxLqbR3H9yUP1cepApnktNHLwywB8LWpWt2W8,6xoQmU7mxLqbR3H9yUP1cepApnktNHLwywB8LWpWt2W8
45ErWZ2HFTfb1ujEN7UsRMq7rwy2YMwHgefFYiSpY3LWov88ywSd43b78kVRpcVJh2HZf9kn6oT6p6VBpYQixobR,105.0,transfer,0-0,CTXuSQYhnmFi1hKdVKWgfTwbvTDCCNyAzCeKFM84gHLY,2022-03-18T20:13:42Z,USD Coin,EPjFWdd5AufqSSqeM2qN1xzybapC8G4wEGGkZwyTDt1v,USDC,6,6Nkc8MEiz3WLz1xthYitmSuy3NGwn7782upRHo2iFmXK,CSbP824yiNVevVsJVHwpov2AgCf2McCLiFyKGjUTd9qr,CTXuSQYhnmFi1hKdVKWgfTwbvTDCCNyAzCeKFM84gHLY,6zg3uAMrmUGkjgCWCcSuH56UxxMnwZgNq1nd2m8HZEgW
45rG7gqc7pvzvBQVkH5mKuVrD1mey2S36JHo1HmhrakXzV8sLcgVbaQ2tEsrnK43spLsNR8S1tk2ZdEWLD6PQVRJ,51.152859,transfer,0-0,HhSTZmUuaFqiQHwHuLUHohg81xktZogygKNpMWrrQAiz,2022-03-19T23:33:07Z,LUNA (Wormhole),F6v4wfAdJB8D8p77bMXZgYt8TDKsYxLYxH5AFhUkYx9W,LUNA,6,5oV1Yf8q1oQgPYuHjepjmKFuaG2Wng9dzTqbSWhU5W2X,GCm6VCGpkUQ2kaXoJz9S7SmEnHyXwwxLbr2fVD4AM1yD,HhSTZmUuaFqiQHwHuLUHohg81xktZogygKNpMWrrQAiz,3yN7xSw1DS1zq9qGFcqqyKGpHmuiDm1EJdvUzYr8zvGC
45tWd1tVFCWUFeVMtV2Zunrie3Jy5WzuDtnLsTdhdknVN3qmvLEpCLCQwAkowDnq6hgY2tsKKu4uveryqtprohuz,35309.183369,transfer,0-0,6fJqGBoLuYxhkgKcXPwDHquZwCAsFXQdpAsGHdbZoYCL,2022-03-21T21:07:17Z,USD Coin,EPjFWdd5AufqSSqeM2qN1xzybapC8G4wEGGkZwyTDt1v,USDC,6,6Nkc8MEiz3WLz1xthYitmSuy3NGwn7782upRHo2iFmXK,CSbP824yiNVevVsJVHwpov2AgCf2McCLiFyKGjUTd9qr,6fJqGBoLuYxhkgKcXPwDHquZwCAsFXQdpAsGHdbZoYCL,6ZWxbbRS7iGSVdZAGzwU4gCE8hJ73oxq49jQuEqrycB7
48HqaDEhS2LqzwabJ7W8FBGBppbEWm9RCQw5yRu7AVWXPJFiVGYRwUqAVUpx5kJqs7zjKwEs4eomTHPn9JBQaXMp,1.5,transfer,2-0,5yyUAcJq7pWdQoxLBL1opKspCYvtzFvbefPkA816mDuH,2022-03-28T12:35:59Z,Solana,-,SOL,9,EfFMndpyXnv2edT1c7dZRzi1LSYmULFJp8gHeoe6uPtB,EfFMndpyXnv2edT1c7dZRzi1LSYmULFJp8gHeoe6uPtB,XnRayg2nck4uXfsutAGxoMAeGMNmNLvEHhtKegNkBxY,XnRayg2nck4uXfsutAGxoMAeGMNmNLvEHhtKegNkBxY
4A4Tyfm78vkJpNd8qtZrhSBS5vAfygDSaLymvuwZWaJHrni2ZKh4aSTkk7phpLwMzMkyvp2pVQrGYrUJRy44Eh6k,10.000055761,transfer,0-0,8arRjN8Kg8tZhhkQsoXg5y29DBHKEsxknGuUBqSHUC6i,2022-03-28T12:09:27Z,Marinade staked SOL (mSOL),mSoLzYCxHdYgdzU16g5QSh3i5K3z3KZK7ytfqcJm7So,mSOL,9,6asST5hurmxJ8uFvh7ZRWkrMfSEzjEAJ4DNR1is3G6eH,4fAUE4z9bAu8W1dY9KVfRbJSpWzivRoKUFyTYpP6Gasq,8arRjN8Kg8tZhhkQsoXg5y29DBHKEsxknGuUBqSHUC6i,G9opGh4iExcCuwbL3eYrF7RuMiyVBm63QSFA5gmmoj9B
4DJtv5fPo4rtpHTAZ9Ka6oyZEpqiQ5HjDzhQdLFeaNuhDqGUoc316X9aWUnmBeM2vrpNRb8EDRthKoUahYhuPdj1,0.15,transfer,2-0,6SvTZfYs53eUpvYWnywdqzgud5x5atzubPhns82Aa3R7,2022-03-24T19:47:13Z,Solana,-,SOL,9,HiepGSjE1udH3GDTzwHF1bdmNKyuTUiweWu1vsx8okPk,HiepGSjE1udH3GDTzwHF1bdmNKyuTUiweWu1vsx8okPk,FUNPZojQh4kJRv7GZTskFWHaJ72Aj3vEgFjvNWHyPNkz,FUNPZojQh4kJRv7GZTskFWHaJ72Aj3vEgFjvNWHyPNkz
4DhBwZwXxa2jPvbjkZZd348PzmB2F9sxsf51NfwLqK7n1er5Ye9NQJesTZay56pBggZRW7j3JsfgVXRwdCiqHF6B,0.4179,transfer,2-0,GwYc9Uz9UUmikf9g276jd9SLQyQvEqSZc82m2vRp9rsr,2022-03-17T14:01:55Z,Solana,-,SOL,9,5ULG3a8SeNX4z9ZGLLTRaM7gZc2txuQZeMi6bYdRVRZ9,5ULG3a8SeNX4z9ZGLLTRaM7gZc2txuQZeMi6bYdRVRZ9,J1Xfvr1gomVwBBM9AcYPqGa8HdmkoHCm3AWmJgdjmzJo,J1Xfvr1gomVwBBM9AcYPqGa8HdmkoHCm3AWmJgdjmzJo
4FmXDLFUFJR8MwJqfGDqNyggsSEgDBZK8yt3CWuZQmRhFdFVnyWpW18YdVsmCTRzcsGEyYWbr4PJXhtrVQP6mugx,4.0,transfer,2-0,6igXx1W5d8WpgUsNCbqiZgzBqG5dLBgqhBC5VKcU3T1e,2022-03-24T10:42:53Z,Solana,-,SOL,9,HiepGSjE1udH3GDTzwHF1bdmNKyuTUiweWu1vsx8okPk,HiepGSjE1udH3GDTzwHF1bdmNKyuTUiweWu1vsx8okPk,9VUWTncGzoG9QuMDfztyVnkUs3npa4fJtDy3MEGRKR8B,9VUWTncGzoG9QuMDfztyVnkUs3npa4fJtDy3MEGRKR8B
4HhtpZzAgupbuKMvr3SqGQBVdushq8LyoRtsDLfzAybjrGrJYnLBYvLMr8Aohn9b5KDJ3Ca2Bt981dXPhM6UXVxW,0.189,transfer,2-0,ESJaX1SihHeYaEYMs9hWidafJzPX329QANYGgMKSoNMa,2022-03-29T10:49:41Z,Solana,-,SOL,9,6JcJdzXSXyS1V2PVZ4XNuvbquVTL8EwsXk2yPKV33zho,6JcJdzXSXyS1V2PVZ4XNuvbquVTL8EwsXk2yPKV33zho,HTW84qFFqgrLWXSg21tSY9dDLTMK7G2Uvk5qrPLE1HSC,HTW84qFFqgrLWXSg21tSY9dDLTMK7G2Uvk5qrPLE1HSC
4KRUqkq3BR8U8Zn5hqgatB56DVTsfHoBktcpP4MJCUVh4wbTauVZCzRbi2XB2YbJKi9YZqizAJzJGTg6qEhb83Ub,100.0,transfer,0-0,9Jc8Wj7hY7jrfpRGqxgoiSq2HPyUJc5b2rJiR4H4sghh,2022-03-07T08:32:17Z,USD Coin,EPjFWdd5AufqSSqeM2qN1xzybapC8G4wEGGkZwyTDt1v,USDC,6,BThMeTgWZBoBbAzp9sK9T7gQzpQDQdRQUVLtVQ3781q1,Co7XdEKmX6BcoqdhzNdDfnfpcBVB7EabTPtkNkA4MW7n,9Jc8Wj7hY7jrfpRGqxgoiSq2HPyUJc5b2rJiR4H4sghh,LwAyfQkDsgv3fUnYzAQJTBuoqM9LNgv9ziDjrndojn4
4NgKKSpZJaVeE7gEseJrs8V2pvWLaQjuJeihH8eK2H5rm14wryidCZ91Kx6ybKFLPBfrdMJTuUhaQXUhEnUsy2wZ,43.959292,transfer,0-0,HK7aLFrSXgUhaTPCJpEBDS6kgfwG9kJUBUqThFhX5PMG,2022-03-12T20:50:31Z,Raydium,4k3Dyjzvzp8eMZWUXbBCjEvwSkkk59S5iCNLY3QrkX6R,RAY,6,A6XsYxGj9wpqUZG81XwgQJ2zJ3efCbuWSQfnkHqUSmdM,Ha9AkDZbtWTLdrL7ibCQTQ8e98aQ41GZFvJJkMZy6aSF,HK7aLFrSXgUhaTPCJpEBDS6kgfwG9kJUBUqThFhX5PMG,FhCyVYRohv4aFbe9B33dp3CHYTox1Q3z5JZkcYXp8F9P
4PBxq3dC2KtPyrjyYX3XqnXWdvP9kKcrYpEyaUXKwmtr9SuuGbqsei2P6PUGCJhQsyjnEXBQWzoqHGxpLjSHus6W,50000.0,transfer,0-0,3dbd7m8wzZ5Gej7b3cTPEN46q8cYGsbYv7G5VufwE64A,2022-03-23T01:40:05Z,Saber Protocol Token,Saber2gLauYim4Mvftnrasomsv6NvAuncvMEZwcLpD1,SBR,6,BH7Jg3f97FyeGxsPR7FFskvfqGiaLeUnJ9Ksda53Jj8h,45NeXayPBdfZYWcoZPdv3sQeXoYVS5GcHRWP4MHXBSHY,3dbd7m8wzZ5Gej7b3cTPEN46q8cYGsbYv7G5VufwE64A,9MxTQ4vVnHSuCJrbYzyh9K7VnyrKM199u5hvJAFKCwi4
4RB64KU4YEnfgVHpF4vofHcATBV2pgbpfE34Qzhs9mB8fms9bDQgJAkM8rSboT7BnMJAbwMcCfbnJttFMhf6K9A3,4350.0,transfer,0-0,HhSTZmUuaFqiQHwHuLUHohg81xktZogygKNpMWrrQAiz,2022-03-24T21:42:39Z,UST (Wormhole),9vMJfxuKxXBoEa7rM12mYLMwTacLMLDJqHozw96WQL8i,UST,6,5kA7FPiB3t2X5s65dK1AoEu5asDjC5d7f5vaB4iY2yrj,69Znv2Lj1XbaSWx5B8grnF7UKG1vG14B3XtKPGA6GrXP,HhSTZmUuaFqiQHwHuLUHohg81xktZogygKNpMWrrQAiz,HTZ55fuBgjQ5vmhVRSS5JN4arcuUMKcTHpn1331SttZz
4RbE1qXxq2s9nRvbA4tnB4cHLMixsDP6qwAAW1JjwqZF9obMMRVaDxfib1rtwda35nQACcZNV5EJeQKV8Sv1bfC9,14.482423,transfer,0-0,849w1ubCV9cdRz3nsTh5Sevsrc9M7n9BegcMsWsBr8yg,2022-03-12T14:41:43Z,Saber Protocol Token,Saber2gLauYim4Mvftnrasomsv6NvAuncvMEZwcLpD1,SBR,6,BH7Jg3f97FyeGxsPR7FFskvfqGiaLeUnJ9Ksda53Jj8h,9zX7FLY7RAahTbRYxiK2oLueRhoXKv5i9sZV61zVJj7B,849w1ubCV9cdRz3nsTh5Sevsrc9M7n9BegcMsWsBr8yg,2xanizBUJa1mhgEksPAhPiMs7t7ispjZQpmo4zQhZM1S
4Rej8LGFFRSQiFX8VLvvn4g5CaSs2xduHyBCgmBPC96JX4KMDkRezYE4uSgAQo5rMAHPBZmwrjDJSYRNqmdYPByK,3525.9076,transfer,0-0,3NUbDphr4ZwfnATTMy8JCaukiYuAhcnYHEsRMs4FvkDR,2022-03-21T05:59:47Z,UST (Wormhole),9vMJfxuKxXBoEa7rM12mYLMwTacLMLDJqHozw96WQL8i,UST,6,5kA7FPiB3t2X5s65dK1AoEu5asDjC5d7f5vaB4iY2yrj,69Znv2Lj1XbaSWx5B8grnF7UKG1vG14B3XtKPGA6GrXP,3NUbDphr4ZwfnATTMy8JCaukiYuAhcnYHEsRMs4FvkDR,Erp23vHAjio82dYxZyARmMmSNWXCjzspWZf4X6cGNQLb
4SLqNP6W5Gv22JKeACWebHUpxpNZQh8sjxUnPPHUEqNEcEc1ZV34E2cwDohztuJSwCM8ENamwkqGv5yUsr9NRMSw,442.362199,transfer,0-0,4HiMP13SYsXcaQTRvtfU4o9zgvWzNbtVJ8oPygqcRj8g,2022-03-25T02:25:48Z,USD Coin,EPjFWdd5AufqSSqeM2qN1xzybapC8G4wEGGkZwyTDt1v,USDC,6,6Nkc8MEiz3WLz1xthYitmSuy3NGwn7782upRHo2iFmXK,CSbP824yiNVevVsJVHwpov2AgCf2McCLiFyKGjUTd9qr,4HiMP13SYsXcaQTRvtfU4o9zgvWzNbtVJ8oPygqcRj8g,CJ84yxXr9JXr1g3mnTAcgQy9HHjN9ZzTVfwm8JzsM3Av
4THKSGdAnQukKsWXuLuNGQzXc7K8DLNSB8EX438BaUiKuR6gvdbzfgahoEyRFmKN874gg3kLfFdNeBVbJ4XzANr3,1.0,transfer,2-0,DGwoT4CdPDVK9UQm7ea9HFELrxv7e6B756weXpnabhFu,2022-03-27T07:55:17Z,Solana,-,SOL,9,EfFMndpyXnv2edT1c7dZRzi1LSYmULFJp8gHeoe6uPtB,EfFMndpyXnv2edT1c7dZRzi1LSYmULFJp8gHeoe6uPtB,GZerk6dEp15WBUzfmHkrK8CZyD7kVnehHhhowoLEJ65J,GZerk6dEp15WBUzfmHkrK8CZyD7kVnehHhhowoLEJ65J
4UAPBumW8Qy4fcpYt9HfHgLXVLj9nu5JECJcEdVSd9iEJH8x89wmZHNdJo1dQk3C2TeZu72wYAMk2aPHokoTY6Qj,70.8341,transfer,0-0,9p2UXgohM8Jqudb7b7QQEb7bTzeSsDdfgDTLotoYPGny,2022-03-21T13:29:33Z,UST (Wormhole),9vMJfxuKxXBoEa7rM12mYLMwTacLMLDJqHozw96WQL8i,UST,6,5kA7FPiB3t2X5s65dK1AoEu5asDjC5d7f5vaB4iY2yrj,69Znv2Lj1XbaSWx5B8grnF7UKG1vG14B3XtKPGA6GrXP,9p2UXgohM8Jqudb7b7QQEb7bTzeSsDdfgDTLotoYPGny,2AUfTgzJy5USLBe62ttUvfCKP3yDxci3oqXmACGWbKdF
4VNbxrmQLoyyGnbdQV6odKUhR3Bo1ePvb4aKeWgzY7L7aeM6PbAKoFumup7QYvvAcJvHs5phB9rsCbFWhEiLi1xM,6.135,transfer,2-0,8Kk9qTyX8U76454QAueRsKxSLt4SwK8HHEH6WyEqBMjM,2022-03-24T01:27:11Z,Solana,-,SOL,9,HiepGSjE1udH3GDTzwHF1bdmNKyuTUiweWu1vsx8okPk,HiepGSjE1udH3GDTzwHF1bdmNKyuTUiweWu1vsx8okPk,6b6tLnSV3JQ4egvQFueQeS9ZnB8ViYPjqgWF3bnx7EmY,6b6tLnSV3JQ4egvQFueQeS9ZnB8ViYPjqgWF3bnx7EmY
4Vp1Qb71LYXs2WzfaVGbTosebwPBrB6aEsJ6YB9F32wTiGjziA7ce5iGB8WRk61t5egWCD6gzmwncfVLyEaeHQY,2.8,transfer,2-0,FmZti3EWSSPMXvwAvM5V9W59k8wvKYMVczRTTMER1fo7,2022-03-24T16:56:27Z,Solana,-,SOL,9,FnCg7sLfe8gz4UyrmN9c3VX6Axohu1Pa8wy3bsSPZwfq,FnCg7sLfe8gz4UyrmN9c3VX6Axohu1Pa8wy3bsSPZwfq,8pqZ5uDJKsKacd3yhKyAeq4Lcnwadd5TgqLyLBhHszLS,8pqZ5uDJKsKacd3yhKyAeq4Lcnwadd5TgqLyLBhHszLS
4WAYEGWiS2m1VydwroKarpGavD7uiK2JJfpmjJdnNXCutHzA2wT3bZFfSxuSm8jErfMs73d4Va7cZEwuYdJNAb7L,24.316,transfer,2-0,EgzRJHeqbfYsCL4VBZCsq2ZEpk5M7jzWc4n2N53SyFKJ,2022-03-29T15:15:36Z,Solana,-,SOL,9,6JcJdzXSXyS1V2PVZ4XNuvbquVTL8EwsXk2yPKV33zho,6JcJdzXSXyS1V2PVZ4XNuvbquVTL8EwsXk2yPKV33zho,BgyNxFPrRNJvYLEoNkSjCXhzJzsFaCp6Cg8hHNghRvns,BgyNxFPrRNJvYLEoNkSjCXhzJzsFaCp6Cg8hHNghRvns
4Wwa9yojZLdsNRuCQk4c4TWMp7B6c9pUazcaEfVpFvBVLUfqCwMWHozwpyyK5nwJYBNmQFtLcionhKFGaSzXzzuU,1910.50956,transfer,0-0,4SfZ3DSk2LnPvs5jxXJi7jcUvXWPY7xMs5UyS7JJHtRw,2022-03-20T10:32:18Z,Saber Protocol Token,Saber2gLauYim4Mvftnrasomsv6NvAuncvMEZwcLpD1,SBR,6,BH7Jg3f97FyeGxsPR7FFskvfqGiaLeUnJ9Ksda53Jj8h,45NeXayPBdfZYWcoZPdv3sQeXoYVS5GcHRWP4MHXBSHY,4SfZ3DSk2LnPvs5jxXJi7jcUvXWPY7xMs5UyS7JJHtRw,8vQ46adbEAb7R6XFQc1XGnopm5ZHNAd81KkEoeXeKfGF
4Y3Sx3Tj12mrUXnZ2FzrGVBJJBLECXSLAASopmsqRsjj9hvLGdQnTMZmG4cJTnL3B7ThYhtNzdvvnKj7CJrvV85F,100.0,transfer,0-0,2LvCaow2GYwP6Fhj1ueNWwETHGwXzyJZ7kRdp7SHbXDq,2022-03-16T13:18:55Z,USD Coin,EPjFWdd5AufqSSqeM2qN1xzybapC8G4wEGGkZwyTDt1v,USDC,6,BThMeTgWZBoBbAzp9sK9T7gQzpQDQdRQUVLtVQ3781q1,GPzEmGQbe4msvfNAFS9KNBSmprSdAMVdiEeMpEt2keXy,2LvCaow2GYwP6Fhj1ueNWwETHGwXzyJZ7kRdp7SHbXDq,yKbJKJ8VAqHdUFRS8XGAeqRcNfXk93sa3re6nc9Bhzj
4bXFSt4GYoUtoM2kiUF1D2qmwuqkbUzdVsCqCN7LcTdZDUHxppkJ4zEZurVKyvPe4e1d8k1AUPj9kKjN14wiVRUa,0.11,transfer,2-0,2ZME5f2fgapRFZXpfygK5baaXtS5qtTeYMSE9p1JLe3w,2022-03-03T05:44:38Z,Solana,-,SOL,9,3FN3eTJWdMSDF7E2pixsyZtJvkNZmath8i722bueYWm2,3FN3eTJWdMSDF7E2pixsyZtJvkNZmath8i722bueYWm2,3YqDnpU1bCCNtzrSCzVsMRUYDzwTYnFTJaw8ivuachMC,3YqDnpU1bCCNtzrSCzVsMRUYDzwTYnFTJaw8ivuachMC
4cTdUVamHPqeiNXqQLD774VY51mnNA7B5M1egjBJTFwnK9YFHtMYaiuYaDrCCkd32Y4DqHetebbByRrH8S1gPen6,7.0,transfer,2-0,259762U7zx8rBkyzDKYCiYPC5grNcKaKzbnD2vsJRhyt,2022-03-09T04:26:15Z,Solana,-,SOL,9,5GHuBr9njP3KBqXYS7KWRX6z97eYCmqBpn7b5Ae4jeWj,5GHuBr9njP3KBqXYS7KWRX6z97eYCmqBpn7b5Ae4jeWj,BumbxSa9iECmhmtSPSJmmCz9EXiv7m4SCSSiGFCnnqeZ,BumbxSa9iECmhmtSPSJmmCz9EXiv7m4SCSSiGFCnnqeZ
4d4n7pX5cQgYVFNFkcmoQwoNDpUWH1GpV2xnD9XQCJhyrTCbSMf4AdP736iSisV6RqvBmLimMcaaYdQUs7uCyMyV,2.5,transfer,2-0,H1CBXNDKdrJoxr8ceA22vQKzyXhRZjgztSBhUzM6MFCN,2022-03-22T13:29:53Z,Solana,-,SOL,9,FnCg7sLfe8gz4UyrmN9c3VX6Axohu1Pa8wy3bsSPZwfq,FnCg7sLfe8gz4UyrmN9c3VX6Axohu1Pa8wy3bsSPZwfq,GivGRxYCdTW5YnrxnwNAcoa4h1DEaSu3GvL6hk2KmWNT,GivGRxYCdTW5YnrxnwNAcoa4h1DEaSu3GvL6hk2KmWNT
4dB6Sza66aoCsP8esaJg9fn9Ehgb54RfbX7QThHQmnts73TxNJRXFHV5132e71DuapFSvCaZrATffCmva9MaY44A,5000.0,transfer,0-0,3hjvTKfDV5qJMM4oifyC68xGAcrrPQ7GMwFtJBd76eYU,2022-03-24T20:45:57Z,USD Coin,EPjFWdd5AufqSSqeM2qN1xzybapC8G4wEGGkZwyTDt1v,USDC,6,GrB6vbG2WP7eEnbwgxUbBGRMeXYq139jo2o9oW8cNK8f,C6beCKfWjMWupibqymypGzNm27dTc7WWQq2BsQnSss65,3hjvTKfDV5qJMM4oifyC68xGAcrrPQ7GMwFtJBd76eYU,DWVXyHKeVfnx4Zj9YtzmHsHRq9Q9ctj9PLx19mrX2RiL
4eVdmnEmXGAgW94JmZDzb1arpjDBY3nc5a9aDGQShqEeYoJ4WXRqUzY9yozoE1SPCC4ED8Mo4t3SswnwEDj4Tuy3,5.0,transfer,2-0,8MTfSrmxDKq3c8XF9jtEUC3oTJtuhys6XQhB5tDdZbUn,2022-03-13T06:04:54Z,Solana,-,SOL,9,5ULG3a8SeNX4z9ZGLLTRaM7gZc2txuQZeMi6bYdRVRZ9,5ULG3a8SeNX4z9ZGLLTRaM7gZc2txuQZeMi6bYdRVRZ9,CGpc5RiGR8B7UoGBb3MhdMTgGQXUpWVBvztrrvVpkZyZ,CGpc5RiGR8B7UoGBb3MhdMTgGQXUpWVBvztrrvVpkZyZ
4ejJWavojteSB6ATZzHxPKF4FpM7WwVRZBPyVn6fKyxiTHNr5rnStR4J96m64o9iRJuH8jfhfrtAXoZASLpF8T8r,0.05,transfer,2-0,8dbR8MtEnfJj6E1GA2qvZFJQ4oh8bXbzfird2L3J7uVe,2022-03-17T18:41:11Z,Solana,-,SOL,9,GnU8ALJoC2fDXHPreqxPJk9wnsvCnRZpWBSev3TUYX1y,GnU8ALJoC2fDXHPreqxPJk9wnsvCnRZpWBSev3TUYX1y,ChRJDDJkhYbVeUjgGLhBXpBYgWXgVFq6NdvWWcE7jJ6Y,ChRJDDJkhYbVeUjgGLhBXpBYgWXgVFq6NdvWWcE7jJ6Y
4fwEmA5HQ3BqjC1WqwAFd1Yh5ADbMPr5DW91XtexeMr2ZTmpxBaHWJxaRswjTutbeaMcw45BReMTKyQVv2wkgyNd,156.750137,transfer,0-0,ExWDbwb6NZb6MQViT7EXKiEStcJkVEab5p3DySLV738D,2022-03-25T12:38:31Z,Raydium,4k3Dyjzvzp8eMZWUXbBCjEvwSkkk59S5iCNLY3QrkX6R,RAY,6,A6XsYxGj9wpqUZG81XwgQJ2zJ3efCbuWSQfnkHqUSmdM,8iDJoR9FPcsfit9AmtHfH9doJ9ao6WbjKfaNEnbUCyAQ,ExWDbwb6NZb6MQViT7EXKiEStcJkVEab5p3DySLV738D,FotoBiGFgCyE9xPVAYoFhByQUA6Qyv7zeXvCSGnM2Gqw
4gevUWMw9LijCETBR8jQFnnFzxPTntvHNYQLFuFoWz2MEnoVEewDZp7LziDXc8qSCYvru3Rx9K5jpGCtPdw2hz9h,1680.0,transfer,1-0,FXVnd4Px4m6rAJcuVCR3oSE8DL4Jq7LKSbWVHU13qwJe,2022-03-23T15:55:13Z,UST (Wormhole),9vMJfxuKxXBoEa7rM12mYLMwTacLMLDJqHozw96WQL8i,UST,6,5kA7FPiB3t2X5s65dK1AoEu5asDjC5d7f5vaB4iY2yrj,69Znv2Lj1XbaSWx5B8grnF7UKG1vG14B3XtKPGA6GrXP,FXVnd4Px4m6rAJcuVCR3oSE8DL4Jq7LKSbWVHU13qwJe,HKBm3YMQH8g8LK3Pwtw7YFJnP27pTnoAdMi1PPcMX9sj
4iwGBQJYgJn5Vn1TjWp8BWnrZS5uR2eGDAoduaqpGzvgC2hSayJZzPMwcfaeExt4RGB4fw2QmhrjvporVAGiR8AL,6.0,transfer,2-0,H5z9PXMn7k81zbPZUMRMUmWXjppgU9kMxpHvQ9wbvNQU,2022-03-24T03:37:14Z,Solana,-,SOL,9,FnCg7sLfe8gz4UyrmN9c3VX6Axohu1Pa8wy3bsSPZwfq,FnCg7sLfe8gz4UyrmN9c3VX6Axohu1Pa8wy3bsSPZwfq,gcSh1tBdNxrhDqV6VR4LojqG73Qe39L11QYpGvxeoWz,gcSh1tBdNxrhDqV6VR4LojqG73Qe39L11QYpGvxeoWz
4jJn1d27y5c5MsaUz8DVQJdmNHHjaKYkWpyFBzGYq85j6ZB7p1THH98ozBrz5zUxbNATRhX5h2YhFnTwdiMLFkgA,683.401,transfer,2-0,FPcL3sFutPQcV4hSvwBrhz19oJ6MNeGsaSMSYP1o4Rfh,2022-03-23T21:36:18Z,Solana,-,SOL,9,FnCg7sLfe8gz4UyrmN9c3VX6Axohu1Pa8wy3bsSPZwfq,FnCg7sLfe8gz4UyrmN9c3VX6Axohu1Pa8wy3bsSPZwfq,H5aS3PzSjyS4i2f3w5NxrGcCsuK4CDCZjp7BRStaFWLt,H5aS3PzSjyS4i2f3w5NxrGcCsuK4CDCZjp7BRStaFWLt
4jUmZA7Ne8dcJcjikmmYrhSr1fc3WYAmQ1cjWQ19XnFVUJSeekHvCgbf1ieHjufSvybkQA3DLnMVfAFNeW6n1oXQ,0.025045,transfer,0-0,4sG43azqQPH4onwBSgYbJ5egc6ENTBpcA24maWWwTvJp,2022-03-25T02:18:40Z,Marinade staked SOL (mSOL),mSoLzYCxHdYgdzU16g5QSh3i5K3z3KZK7ytfqcJm7So,mSOL,9,6asST5hurmxJ8uFvh7ZRWkrMfSEzjEAJ4DNR1is3G6eH,Bm8ju1pbvvCqnMs2aC9BKrdUSVEdBLTBvAuMG34BVhDY,4sG43azqQPH4onwBSgYbJ5egc6ENTBpcA24maWWwTvJp,9H5eQTF3KEP4dd3Qz7Bkxg6QdCbbyzqhCAgEKuqAZgB2
4kQARzD99vJJKAsXS7i7idzgHPK6UkQGN8N3eWaMaQxdNYJ1dZgrmuzwBNsJ1upaSn3UohnZ84yTGw4WNybMVEkS,24.57,transfer,0-0,GwYc9Uz9UUmikf9g276jd9SLQyQvEqSZc82m2vRp9rsr,2022-03-22T04:12:29Z,USD Coin,EPjFWdd5AufqSSqeM2qN1xzybapC8G4wEGGkZwyTDt1v,USDC,6,6Nkc8MEiz3WLz1xthYitmSuy3NGwn7782upRHo2iFmXK,CSbP824yiNVevVsJVHwpov2AgCf2McCLiFyKGjUTd9qr,GwYc9Uz9UUmikf9g276jd9SLQyQvEqSZc82m2vRp9rsr,5642VHMiLqomTBYNfCnUCczCN6tGEq5n12DaUL1hZfd6
4m5VTQnGL5vPRxyPkDXpnz8QUjSAeWKJUY9yp2hh8aknfhcmZ8t2WYHASH3aHutCC1nViEd5HFd3R2xkEkyTVneC,288.412383,transfer,0-0,ETv2idiPjun5RReJNSLBd2RUMcYSBMqjFQxhVpLeDqkm,2022-03-20T14:29:39Z,Raydium,4k3Dyjzvzp8eMZWUXbBCjEvwSkkk59S5iCNLY3QrkX6R,RAY,6,A6XsYxGj9wpqUZG81XwgQJ2zJ3efCbuWSQfnkHqUSmdM,8iDJoR9FPcsfit9AmtHfH9doJ9ao6WbjKfaNEnbUCyAQ,ETv2idiPjun5RReJNSLBd2RUMcYSBMqjFQxhVpLeDqkm,QAWbRmNu5FhcT6YsDrcUh6WDX5PVUBFuwJU2G41VTrX
4mpTMbpETnyM4ipK3Ze5VMehJa6eNCyFeNmdYEae3GBU6KWyzVAgSTKTeuowaUF9XyZ4xcFQCLpgTdHHPRn5SHLs,124.9,transfer,2-0,6fJqGBoLuYxhkgKcXPwDHquZwCAsFXQdpAsGHdbZoYCL,2022-03-21T20:56:35Z,Solana,-,SOL,9,FnCg7sLfe8gz4UyrmN9c3VX6Axohu1Pa8wy3bsSPZwfq,FnCg7sLfe8gz4UyrmN9c3VX6Axohu1Pa8wy3bsSPZwfq,5srUJukNxAxCNYowb8esk7VniSmxUkkKdG9XCV9qNxBn,5srUJukNxAxCNYowb8esk7VniSmxUkkKdG9XCV9qNxBn
4nVWpo7iaux4Lj15Vjao6WVGJdfsKdX1xRwScpFijyQRMJj1S6XQvhb6m6TZoCo4fYoBVyncP58pYfmkrDFM5xPj,15.0,transfer,2-0,EPVhDfHattZHi6YWPvpuSfWpZGh33bBn55AXgCrzJVdt,2022-03-21T08:14:35Z,Solana,-,SOL,9,HiepGSjE1udH3GDTzwHF1bdmNKyuTUiweWu1vsx8okPk,HiepGSjE1udH3GDTzwHF1bdmNKyuTUiweWu1vsx8okPk,G1bsyCVqy4AgSPDpf74wS2Zem3akDw62F8cQVFwMME5J,G1bsyCVqy4AgSPDpf74wS2Zem3akDw62F8cQVFwMME5J
4o91FGu946yUeV35Vzz4oJbe6tydNVupoiEuMahbaseMkEgX8SAc8T4f3G1u3xUYfaaKM8QKWUymxDUkw1zE55sH,141.38661,transfer,0-0,5W3mZ4pnHtw1F8HozA39UUPLs7BRdcs2K2E7CuXAsrhQ,2022-03-22T11:48:17Z,USD Coin,EPjFWdd5AufqSSqeM2qN1xzybapC8G4wEGGkZwyTDt1v,USDC,6,GrB6vbG2WP7eEnbwgxUbBGRMeXYq139jo2o9oW8cNK8f,C6beCKfWjMWupibqymypGzNm27dTc7WWQq2BsQnSss65,5W3mZ4pnHtw1F8HozA39UUPLs7BRdcs2K2E7CuXAsrhQ,DNMWMJ4b4f3Phxbqw9fEoKVbNUMBTip9tQJeLiVqVJFg
4onsmDgRqMjBkfABoVnCHyaCSsqPUmgJMWRspW5NjweerH1cSVo8B59HoSZRjthv7hzYkeZwerKkNZokb7PUrcsu,0.092103,transfer,0-0,7vRhvZjPstKSSRZuAyySk3bRAnuZyuRckXxHCdTVnqm5,2022-03-17T18:32:53Z,Wrapped Ethereum (Sollet),2FPyTwcZLUg1MDrwsyoP4D6s1tM7hAkHYRjkNb5w6Pxk,ETH,6,FThcy5XXvab5u3jbA6NjWKdMNiCSV3oY5AAkvEvpa8wp,EMZaNQxx5PiYe23UNHbyHkKuZZJVRAzLDzAoKERGNhyL,7vRhvZjPstKSSRZuAyySk3bRAnuZyuRckXxHCdTVnqm5,6SoU81FurLT9B6r9vHEYMpxLhEqEZAGSkTpe1sMPJZN3
4tq7AzM7gGHHhrCyTbzmT35rLausLgpwvdwJeqQ6gRAdTLrPYkbgXrx1ftyoTJgH6U8k4SNSaCFDfdLJiDBQ1oBZ,68.915781,transfer,0-0,FaSxa6bfQzyA6BFuHJcwDdvWBXhVe5yyLn1gGQT6FCcP,2022-03-29T17:57:19Z,Raydium,4k3Dyjzvzp8eMZWUXbBCjEvwSkkk59S5iCNLY3QrkX6R,RAY,6,A6XsYxGj9wpqUZG81XwgQJ2zJ3efCbuWSQfnkHqUSmdM,8iDJoR9FPcsfit9AmtHfH9doJ9ao6WbjKfaNEnbUCyAQ,FaSxa6bfQzyA6BFuHJcwDdvWBXhVe5yyLn1gGQT6FCcP,HDxprmgEWEKEzhqPUBMmzYgqqhCjQSsK4NveTL6kLThh
4uJjJquwSCpv7YKjmS3YrWhZoQavBMXu76YGRjEHpoFCjPUPf1ALwuLiLnR6TEWQ8hubDvat1kjjVch58UGqDPsW,11026.425061,transfer,0-0,2RbKZjkqrEUFPTxCc4DDg7ZaWW8QxftKuuQ9W44YvGcK,2022-03-20T04:08:10Z,UST (Wormhole),9vMJfxuKxXBoEa7rM12mYLMwTacLMLDJqHozw96WQL8i,UST,6,5kA7FPiB3t2X5s65dK1AoEu5asDjC5d7f5vaB4iY2yrj,69Znv2Lj1XbaSWx5B8grnF7UKG1vG14B3XtKPGA6GrXP,2RbKZjkqrEUFPTxCc4DDg7ZaWW8QxftKuuQ9W44YvGcK,6m8yvsjWMVHtwL1QrTAGtP45PHa7jRvCt7Tb1ygb93kZ
4zZ6reU4CRkBHThR1YuDEt6f4MMeuJ5XWuoitK6EbpZuBpKFn4YybnSm9Si4ug3DCu5rv45wHvwVLywP7K2rXdvG,2705.129363,transfer,0-0,EHWCVPPek2kt512pn6JQDKMdZ7R91gLad24dthVYjUQo,2022-03-07T16:29:18Z,UST (Wormhole),9vMJfxuKxXBoEa7rM12mYLMwTacLMLDJqHozw96WQL8i,UST,6,5kA7FPiB3t2X5s65dK1AoEu5asDjC5d7f5vaB4iY2yrj,AKH7JZZaQLQFsTQw9iHfocU85e8FxeZtACbya2XToK9h,EHWCVPPek2kt512pn6JQDKMdZ7R91gLad24dthVYjUQo,ES4De2T8ZG7E7EPRM9eSwFppbfKBioRnEUW7XRr7Uaju
5133SbTaL61Cju2x8g31cbad4rnyVBp1KAvRksn3bsufrSQCukyooxpePg4pKpFAZXY9nB6LUY43cyXtotRoKX2i,0.01179,transfer,0-0,EHWCVPPek2kt512pn6JQDKMdZ7R91gLad24dthVYjUQo,2022-03-23T19:38:18Z,Wrapped Bitcoin (Sollet),9n4nbM75f5Ui33ZbPYXn59EwSgE8CGsHtAeTH5YFeJ9E,BTC,6,DA1M8mw7GnPNKU9ReANtHPQyuVzKZtsuuSbCyc2uX2du,3LWwNVeYGRspS6JTmcEWVoD3yVmVps9ELceq77pTv3jj,EHWCVPPek2kt512pn6JQDKMdZ7R91gLad24dthVYjUQo,ACeBbKNuTbaSLF66rCKZLWiwwrTuHdNJTiWxqaSw3wmr
516TsqEBCadgjNreT1XWkXpAeqEm1DfQ1iLLmVXuEUvZcRABpvo1C83Q1LhyfXWJak7ye9jL9XQK67AST9GM6MDQ,100.0,transfer,0-0,BrbCGerA9pWieAWozWEf33bU5d52wUXbUzNbdL5RgohQ,2022-03-25T02:23:08Z,USD Coin,EPjFWdd5AufqSSqeM2qN1xzybapC8G4wEGGkZwyTDt1v,USDC,6,6Nkc8MEiz3WLz1xthYitmSuy3NGwn7782upRHo2iFmXK,CSbP824yiNVevVsJVHwpov2AgCf2McCLiFyKGjUTd9qr,BrbCGerA9pWieAWozWEf33bU5d52wUXbUzNbdL5RgohQ,EYSmxpMJc5FXBotAEQ67wNz6TmPCmX7mktZGh4c7Zcqv
52JJoh6y8cJr6PJAhjnmvc7eV1NmPEnHaJLZ5vroPWsY2bppGxrKbxmRuunPqewkxtqgyP34QPFH6q49VtGGifFK,5.0,transfer,2-0,5yP1tTtxxDiUtyeacurEXLPP4hQbPk6bsTunYD1Adrmk,2022-03-22T15:50:41Z,Solana,-,SOL,9,HiepGSjE1udH3GDTzwHF1bdmNKyuTUiweWu1vsx8okPk,HiepGSjE1udH3GDTzwHF1bdmNKyuTUiweWu1vsx8okPk,8veY829BH2JjoCePqgK5rVX2iWJkSQ5tfrcbnGb9ouEE,8veY829BH2JjoCePqgK5rVX2iWJkSQ5tfrcbnGb9ouEE
52h9eckZyq2ZYCcY5kQN6Qgm8wKSuefUPkgTeskmHZ16LaRcdH2Ug2rKdjf9eXwC5gYtBepZKyPfFAaY4qk284mN,503.767806,transfer,0-0,8jDEJz1hwuQMNSaSbvouK9qSczvUF7V3XK1DXe3t3wfF,2022-03-21T12:15:36Z,USD Coin,EPjFWdd5AufqSSqeM2qN1xzybapC8G4wEGGkZwyTDt1v,USDC,6,6Nkc8MEiz3WLz1xthYitmSuy3NGwn7782upRHo2iFmXK,CSbP824yiNVevVsJVHwpov2AgCf2McCLiFyKGjUTd9qr,8jDEJz1hwuQMNSaSbvouK9qSczvUF7V3XK1DXe3t3wfF,Cv9nthKvXbX5CUcvM9AnVuix5a1w26P7aYNk4eJC7Aga
53xW5ZXjfTWUtoNX5CrHSgjk3U1CebLtHz2qXe3UBWX7g9nXZ9YFQ4iGbLhkp8viKxp79ai3m2rTTRptVmnSS2B7,24.995879462,transfer,0-0,2TozHmDZo5nfXwR6FR1UiBmcGxwNkEmubSmuPUNqEyin,2022-03-17T14:28:24Z,Marinade staked SOL (mSOL),mSoLzYCxHdYgdzU16g5QSh3i5K3z3KZK7ytfqcJm7So,mSOL,9,6asST5hurmxJ8uFvh7ZRWkrMfSEzjEAJ4DNR1is3G6eH,Nb1i8z3c1mrw4wkcTX881bQpWdRW4aGJJe6kMyL2psT,2TozHmDZo5nfXwR6FR1UiBmcGxwNkEmubSmuPUNqEyin,HSQDS7x55XTxUbc3kzAzqumTytXDejR61hW6GeU6HyRC
54SfJekvjYqogAeYFvU5N32gtiVMfCygXDqhY9QTpSGfh9yeweT69TqLck2Kho6XYqRJQ7qM38q9wxweU9WcmsB6,30.0,transfer,0-0,2hLqFdTJvy3jmqAEjt3uhq9LxJ9zxa5CCtRjcS24EPac,2022-03-22T00:35:34Z,Marinade staked SOL (mSOL),mSoLzYCxHdYgdzU16g5QSh3i5K3z3KZK7ytfqcJm7So,mSOL,9,6asST5hurmxJ8uFvh7ZRWkrMfSEzjEAJ4DNR1is3G6eH,Bm8ju1pbvvCqnMs2aC9BKrdUSVEdBLTBvAuMG34BVhDY,2hLqFdTJvy3jmqAEjt3uhq9LxJ9zxa5CCtRjcS24EPac,7hn6Wwb4XLfwnFWsQGca33qCDytPX7DVmWP6fS2ca8DH
55Z66JSNa7GB5a5mEdPbcGyZ7XpiBFKqXAgYFuunLxkDna2Wrxyx3BeXLTR5c3vfiakGLsqnq5CK6dPyq3gcxhHc,1.0,transfer,0-0,8dbR8MtEnfJj6E1GA2qvZFJQ4oh8bXbzfird2L3J7uVe,2022-03-07T03:39:50Z,UST (Wormhole),9vMJfxuKxXBoEa7rM12mYLMwTacLMLDJqHozw96WQL8i,UST,6,5kA7FPiB3t2X5s65dK1AoEu5asDjC5d7f5vaB4iY2yrj,AKH7JZZaQLQFsTQw9iHfocU85e8FxeZtACbya2XToK9h,8dbR8MtEnfJj6E1GA2qvZFJQ4oh8bXbzfird2L3J7uVe,9Y4TJNSdD48WWMyv6PsQnN3RdhcANfni9WgvNYSfNE76
562SPZWW8nFbYeNarQz9ar2DqFtepWgyQKsnPMBoMhdMUezJRntJ2cqHdA7KMpKNZQYQvhwpyCDjp6xda8JXpQti,0.068,transfer,2-0,3BLWGrSbHqAZtNzQz7j4sdWYsgixE6yyxBB7iGFtMGVb,2022-03-18T05:38:13Z,Solana,-,SOL,9,HiepGSjE1udH3GDTzwHF1bdmNKyuTUiweWu1vsx8okPk,HiepGSjE1udH3GDTzwHF1bdmNKyuTUiweWu1vsx8okPk,ACGfDBM6F4zrkDhEvsRLqwqM1uDRH7zQ5saTeazHMZCk,ACGfDBM6F4zrkDhEvsRLqwqM1uDRH7zQ5saTeazHMZCk
584GzLEjLmXez5QJ2apcsaSuqUwqhadsDyPDDPwD4SHdjJLvzkwgQJpsGHoXRdBfQSTmh7mvCi2Fwbw62xicEWkV,10.905753,transfer,0-0,6iYVYvU6bVY7RXzr5fJByVpsyQXezYJo4bwYn5aNbLvG,2022-03-25T06:30:49Z,Raydium,4k3Dyjzvzp8eMZWUXbBCjEvwSkkk59S5iCNLY3QrkX6R,RAY,6,A6XsYxGj9wpqUZG81XwgQJ2zJ3efCbuWSQfnkHqUSmdM,8iDJoR9FPcsfit9AmtHfH9doJ9ao6WbjKfaNEnbUCyAQ,6iYVYvU6bVY7RXzr5fJByVpsyQXezYJo4bwYn5aNbLvG,D6dY25ffJsmiPGJhjscwbHTHNR3X9Uad8gnBQf7JGKgq
58wXNHVTDo1PzkEptLrJzNfVyLRu6fspWPhLBQueQ5VEj7qAHPajD19qu748oJoTkS2HCuGziXk7MUX5yiULgbg6,15619.497827,transfer,0-0,9rECxUzeXB1vgDwShtvP8gD9m8oYSj3y4A8ve6QFyvsy,2022-03-25T04:50:28Z,USD Coin,EPjFWdd5AufqSSqeM2qN1xzybapC8G4wEGGkZwyTDt1v,USDC,6,6Nkc8MEiz3WLz1xthYitmSuy3NGwn7782upRHo2iFmXK,9x36kfR3np8iyBCCtBQSp16gVbeQ4bXMxcBAZ3pXRdz6,9rECxUzeXB1vgDwShtvP8gD9m8oYSj3y4A8ve6QFyvsy,Fc4GjR6Xc2zxUx1ksABo1qvmzGN8Uv8vq5MK3d9AXkim
5EKcEdKMA1LmxxNxHFxemrwNL3Yr9dFqtjLfSt5DbuHoG9g62HGAYqx8tSa5vCm1rxgsQtmT5gG6idTDRBXCRs6h,500.0,transfer,0-0,HJNaLfyeUhAiMvZQPfTVLZUQVgbkhAY1bJVjucGRgiLy,2022-03-25T19:10:00Z,UST (Wormhole),9vMJfxuKxXBoEa7rM12mYLMwTacLMLDJqHozw96WQL8i,UST,6,5kA7FPiB3t2X5s65dK1AoEu5asDjC5d7f5vaB4iY2yrj,DEj7nZsC9wZu5qYHqnwBx2ToCVz6hhrpYygchaUFZvU6,HJNaLfyeUhAiMvZQPfTVLZUQVgbkhAY1bJVjucGRgiLy,GbRooQjwfek9q9TS2jwTw3tPSVFqEke1YbkSonZNhTw7
5EQK1JzPyX1inrCEAD9yk3nJY6ocHumgRv5a3vtFoeKToZagwbfjcZYYrpiQ1LMWKmoiCojwf1yQciJmXUJLchV6,12.18985,transfer,0-0,BMuvBHJqkBuj4ZggvYHfb5mVMsGREowxLh4Buz9Y6Hyb,2022-03-24T17:26:07Z,USD Coin,EPjFWdd5AufqSSqeM2qN1xzybapC8G4wEGGkZwyTDt1v,USDC,6,BThMeTgWZBoBbAzp9sK9T7gQzpQDQdRQUVLtVQ3781q1,EvWvbtqdaPXFwd7G6S8aUzQvG2JEnHyjVW1mWQRrRG2q,BMuvBHJqkBuj4ZggvYHfb5mVMsGREowxLh4Buz9Y6Hyb,DhbdAwmk8B6MccmP2zWMEzdgbg76ePkpSdVNKXFMctXC
5G6X4nfzNmuTiH3wbp2HfHPnGPwuwmcPc6mQPdegzubL8N1pz5B7MeQpC5SopEfUB2vyeGckA4P3pqhWUEmYhPBv,3.360994787,transfer,0-0,EyMuiRSCwR1FSTCSW8BYLsU71knHTq6d24pUqg6bwi4s,2022-03-22T08:43:27Z,Marinade staked SOL (mSOL),mSoLzYCxHdYgdzU16g5QSh3i5K3z3KZK7ytfqcJm7So,mSOL,9,6asST5hurmxJ8uFvh7ZRWkrMfSEzjEAJ4DNR1is3G6eH,Bm8ju1pbvvCqnMs2aC9BKrdUSVEdBLTBvAuMG34BVhDY,EyMuiRSCwR1FSTCSW8BYLsU71knHTq6d24pUqg6bwi4s,ErD5nK6GsHgwNXTNgdHKpBieSdp56ZtzTvGULD17aB58
5GLGDqFMWSH7mvLwj2BJU3s6o1kRQFJUjRcNut6z9RLbxC4ekuzH9u1d3rsB6eVgss6N8bz5V7cFYu7VQxkNXhdR,0.113898,transfer,0-0,HhSTZmUuaFqiQHwHuLUHohg81xktZogygKNpMWrrQAiz,2022-03-19T23:33:03Z,Wrapped Bitcoin (Sollet),9n4nbM75f5Ui33ZbPYXn59EwSgE8CGsHtAeTH5YFeJ9E,BTC,6,DA1M8mw7GnPNKU9ReANtHPQyuVzKZtsuuSbCyc2uX2du,3LWwNVeYGRspS6JTmcEWVoD3yVmVps9ELceq77pTv3jj,HhSTZmUuaFqiQHwHuLUHohg81xktZogygKNpMWrrQAiz,EuDarf7w2GbfAK4tdKD4BdY6GQcFC2KWpzXQKL3RYxfz
5HHGFqfeSCKh7GcEMZrJXRjfyfQCSNYz8r8tXCeS6vDUfAq7UFQZkvRD699cmCHyU9ShEBgDgjJfuEk4pniEjsUe,21.0,transfer,0-0,4Q1dm9wrme6yDLgBD5Z5bd7AesaY2JZfK7UnoE1ZY5qB,2022-03-28T04:27:23Z,Wrapped FTT (Sollet),AGFEad2et2ZJif9jaGpdMixQqvW5i81aBdvKe7PHNfz3,FTT,6,7KqHFuUksvNhrWgoacKkqyp2RwfBNdypCYgK9nxD1d6K,4piEKgXo1Y44nnBMKj76vx45RzE7g4MhTY4JTDjEizJF,4Q1dm9wrme6yDLgBD5Z5bd7AesaY2JZfK7UnoE1ZY5qB,Fevzumg9tVTRErJ4irfEXMN1byATUnBjyxPLfAC89esP
5HSnh3AFVVJzQrKuQ6WsCQWmcNuRyPV1RGHqHbZf3tsHVN9Xtyvn3qM66BwD2CuCb2RRxv2QgYNTfN235CRiRFuy,1.8,transfer,2-0,GgnCkAuFUGU2dEDcvEx8RCGw3a1XEi5SwL8L8M19BmVW,2022-03-20T22:25:31Z,Solana,-,SOL,9,HiepGSjE1udH3GDTzwHF1bdmNKyuTUiweWu1vsx8okPk,HiepGSjE1udH3GDTzwHF1bdmNKyuTUiweWu1vsx8okPk,4sQmCtZCqB1zyZd9m1NuUCoqPEfM4n4Wq1ymmeN4e7p7,4sQmCtZCqB1zyZd9m1NuUCoqPEfM4n4Wq1ymmeN4e7p7
5JPyrLNQFngiXN6n9GAHW9sdYUNN6SiFspt2p9Lngu8GNeivXYLCUwbx7J7uVQJ8zt8QwUdx6TogtMDM8qYNvrfA,0.17,transfer,2-0,2sGRVk5C3q5fMg86L5N7oW1ukeQQBF5BpCm1Q6jETq3J,2022-03-19T16:21:36Z,Solana,-,SOL,9,HiepGSjE1udH3GDTzwHF1bdmNKyuTUiweWu1vsx8okPk,HiepGSjE1udH3GDTzwHF1bdmNKyuTUiweWu1vsx8okPk,3kC91YxCCadQsQtJ6UNRc7qS13gGv8VMmUdJfcTk97sJ,3kC91YxCCadQsQtJ6UNRc7qS13gGv8VMmUdJfcTk97sJ
5KjxBmeB3VHKhRgvCYhK1r3gNpwFbEKUqDh8zksKKh2xy5wDsor9Y17qZ8MrDRcE9d6XPHC7UHRs2vHLzFbHe3fS,8.6,transfer,2-0,ZDL63hYgg9MytdCVAA2MSqYUsrs8VcBdQbWk2y856pe,2022-03-18T04:25:21Z,Solana,-,SOL,9,FnCg7sLfe8gz4UyrmN9c3VX6Axohu1Pa8wy3bsSPZwfq,FnCg7sLfe8gz4UyrmN9c3VX6Axohu1Pa8wy3bsSPZwfq,J39GiHhQd4wPs9chmjH1hR9yyQQmaKKLEk7bbmEBaYxW,J39GiHhQd4wPs9chmjH1hR9yyQQmaKKLEk7bbmEBaYxW
5KmJr3tTjoz96C2xQYUsEwEPhUo6FFmNSSoW7pfJvBFfsBRTBUjk6xXi5rS6yudwpFuU1UQe6azLca6Fvsqmoyrb,0.057598,transfer,0-0,C7kUxhQVt1PvaaxCsXi6qF9RP24MmCi9pdxAm4AVRwse,2022-03-13T21:23:33Z,LUNA (Wormhole),F6v4wfAdJB8D8p77bMXZgYt8TDKsYxLYxH5AFhUkYx9W,LUNA,6,5oV1Yf8q1oQgPYuHjepjmKFuaG2Wng9dzTqbSWhU5W2X,8ZS2HRHU2fy1TGvUTrbtdBXo3hxhgPnGiUMxUGiv5YfX,C7kUxhQVt1PvaaxCsXi6qF9RP24MmCi9pdxAm4AVRwse,D9dALHE3EqeVTqZrWnVXkjAp9grCkxXDz4RcKQ4ZXaEL
5Ks32FeMTRdHjAWJQgu7SwSj6wEc56hBVJuJACbwK7PoYWiELrurxETQ9hXb57PbYCKtJTQvhRiwgGUpQrhEAZ7y,2.334,transfer,2-0,EuEGUvRoDFTZGXVzFyNghA9t8be6yc1tpiHrp9qX21SW,2022-03-27T11:34:19Z,Solana,-,SOL,9,EfFMndpyXnv2edT1c7dZRzi1LSYmULFJp8gHeoe6uPtB,EfFMndpyXnv2edT1c7dZRzi1LSYmULFJp8gHeoe6uPtB,d29PVbcVRtLgWFLP34sFqJn59g9yNGXD6PcJdTaN3pm,d29PVbcVRtLgWFLP34sFqJn59g9yNGXD6PcJdTaN3pm
5LHHFtkmteuPwK2jVL4y7AfTU7pP52rSPemnZTvSRW6UdMat9o5C1ZtuyoZgHGB54AZeEt9GbNXMWHdiFZUbtRp4,1057.635872,transfer,0-0,2J5A7Gy6hXQC4F2siQi8KEYUkZHTztHQvboogT954fb7,2022-03-24T12:40:09Z,,Cvvh8nsKZet59nsDDo3orMa3rZnPWQhpgrMCVcRDRgip,,6,AQRGh6PU7LzDHvvoPNS7wVVQaCBeftw9kVDAnvuEjbs8,HwimhPY9MLG8zUPTtTmRCCsYGgcDnSyWhz8peSSqvEkD,2J5A7Gy6hXQC4F2siQi8KEYUkZHTztHQvboogT954fb7,7CpdPGHyoaSiGbBjeggG2jPDjJ1nARDpnFTAJWxBd5ym
5LUUGcgQ7jTMqsc5idGEsf9tboYjUmMRZPbDSqiRoawz5yoonqFXiokuLC1p4Y15FkYxwS4VevFS7YxzPrGhgVkh,0.0292,transfer,0-0,GEXezLcVyjJTmdR3fJH6UCbcQgAAwoJyUX1qjEyCUvcr,2022-03-07T04:42:07Z,Wrapped Bitcoin (Sollet),9n4nbM75f5Ui33ZbPYXn59EwSgE8CGsHtAeTH5YFeJ9E,BTC,6,DA1M8mw7GnPNKU9ReANtHPQyuVzKZtsuuSbCyc2uX2du,ExJEkny8z78XMvkYoQGc9ZvqkyG3wj2RZZaXTAGpP46R,GEXezLcVyjJTmdR3fJH6UCbcQgAAwoJyUX1qjEyCUvcr,3CvJnSrF6w1839cLVV9VqdWg3L4rwb1XfYorgBMWQNny
5Lh6kjw2WidAEfXyDR1dQXftmE3HCT9QPVTZ2vUL2oWVgDi6xfp8qeXfUs1EhipN4dPkwPwjWn5VxZPajn4erb1i,0.2,transfer,0-0,6URLeD6czi8N8TExZKwd7yKpC8w41qNNjiDmkEnEKrmR,2022-03-07T09:38:10Z,Wrapped Ethereum (Sollet),2FPyTwcZLUg1MDrwsyoP4D6s1tM7hAkHYRjkNb5w6Pxk,ETH,6,FThcy5XXvab5u3jbA6NjWKdMNiCSV3oY5AAkvEvpa8wp,6SyyDyCLoCiCnwjWwCVb7sputaZrFhZkfEvw8sRS1QdD,6URLeD6czi8N8TExZKwd7yKpC8w41qNNjiDmkEnEKrmR,8cfvsfkxQiADf2EFFKknGN3SicrUekgfE7MmQB54wbfT
5NUkpAdyEGXHBe8o5GopBQFc2Pfk7MxJMNNcnsgeQDtuZmy7gre6eddPnfCqjYyDVNrGdxBR5BwQNeVXjMfC82BJ,81539.633198,transfer,0-0,C7kUxhQVt1PvaaxCsXi6qF9RP24MmCi9pdxAm4AVRwse,2022-03-17T19:57:21Z,USD Coin,EPjFWdd5AufqSSqeM2qN1xzybapC8G4wEGGkZwyTDt1v,USDC,6,6Nkc8MEiz3WLz1xthYitmSuy3NGwn7782upRHo2iFmXK,BwCiscB5zmPQKj9VS2bV5UCAdyxthLhzL1EfeWKVz61z,C7kUxhQVt1PvaaxCsXi6qF9RP24MmCi9pdxAm4AVRwse,CGqoVhjFhKG66ppx4rJZrWy1yRoi7ij5LEkk2MAHf3H1
5RjTwp8x1hk5DeVAN9g9gCGLF3H8UdFDzbpwdaHjjwPzKVsbdUfK2jC6wdvr7ZqpNpwQzv6wSu1apnVhrYdhvfEy,197.314075,transfer,0-0,4DZEi1TnafcET99M8A8D5zESkfw7FRWnZLGUAJXcY2Lp,2022-03-22T15:15:06Z,USD Coin,EPjFWdd5AufqSSqeM2qN1xzybapC8G4wEGGkZwyTDt1v,USDC,6,GrB6vbG2WP7eEnbwgxUbBGRMeXYq139jo2o9oW8cNK8f,C6beCKfWjMWupibqymypGzNm27dTc7WWQq2BsQnSss65,4DZEi1TnafcET99M8A8D5zESkfw7FRWnZLGUAJXcY2Lp,FqwGY77FgbkMHPdZTqxQZz7fovNT67iVa8zJ3UGcxZkH
5SA8sX79MtfqT8EejaoCBsUXsj2Fnx823SJfUmy8u9MjMUhRC2GszMKABd4BxfiBXWJHd8ZnYRGA3LPjDUAyPkWV,124.9,transfer,2-0,6fJqGBoLuYxhkgKcXPwDHquZwCAsFXQdpAsGHdbZoYCL,2022-03-21T20:56:32Z,Solana,-,SOL,9,HiepGSjE1udH3GDTzwHF1bdmNKyuTUiweWu1vsx8okPk,HiepGSjE1udH3GDTzwHF1bdmNKyuTUiweWu1vsx8okPk,EGn8PR3PVprohutoxSRF2b6FgVBeNV8aFXtqDTGYunFt,EGn8PR3PVprohutoxSRF2b6FgVBeNV8aFXtqDTGYunFt
5SMtYk4nQs1vCMNAQcs2FuxiDbfYz3pkQMfWAhvcemxbpjkQXymk4ZtC36tHtjFVm8j97dSbdme8FmMoeGCJtfaG,250.0,transfer,0-0,3ZXXECqc6BCMmwLqgpNhdxE44r8GP8mBTqvUaUJqFLKp,2022-03-23T13:18:33Z,USD Coin,EPjFWdd5AufqSSqeM2qN1xzybapC8G4wEGGkZwyTDt1v,USDC,6,BThMeTgWZBoBbAzp9sK9T7gQzpQDQdRQUVLtVQ3781q1,EvWvbtqdaPXFwd7G6S8aUzQvG2JEnHyjVW1mWQRrRG2q,3ZXXECqc6BCMmwLqgpNhdxE44r8GP8mBTqvUaUJqFLKp,9F33xnTtWQ2KYBb4jEbgtiUcmkgEhxwPRGwkHkhxP7aJ
5TP8z7S2bLKC4SskVVq6Ads9DSYtYXX3ECjpstRWYTWa6JfgfN6nbURkCkntWeQggDT3UdrpzHQ19xMip4s9RjQk,60.754693,transfer,0-0,HK7aLFrSXgUhaTPCJpEBDS6kgfwG9kJUBUqThFhX5PMG,2022-03-12T20:54:21Z,UST (Wormhole),9vMJfxuKxXBoEa7rM12mYLMwTacLMLDJqHozw96WQL8i,UST,6,5kA7FPiB3t2X5s65dK1AoEu5asDjC5d7f5vaB4iY2yrj,DkcDwJv8tiCDzjkyF5ME7Zapr1SWZwYxzrD7hyTqwDAD,HK7aLFrSXgUhaTPCJpEBDS6kgfwG9kJUBUqThFhX5PMG,HmdvSy5yv9bra6Djnx6kHRrJ6ZKFb1vVrfcnZYjyXEPH
5TSfEWko7q33kgtDtW5Za2rUS6Khyerh8v6Eufy3RzJVoZpTGj1CvTHLQWdADpJMEa393Lb2BcX2sWto6QMatshn,255.00609,transfer,0-0,253RtmeqfB5NajwSUyn1j8a2vZ4VvUMRE4GnHgRMibpP,2022-03-15T23:18:55Z,UST (Wormhole),9vMJfxuKxXBoEa7rM12mYLMwTacLMLDJqHozw96WQL8i,UST,6,5kA7FPiB3t2X5s65dK1AoEu5asDjC5d7f5vaB4iY2yrj,DkcDwJv8tiCDzjkyF5ME7Zapr1SWZwYxzrD7hyTqwDAD,253RtmeqfB5NajwSUyn1j8a2vZ4VvUMRE4GnHgRMibpP,Gmb24Fg4BwWcsAR8ZWQhWMQRE6J3QkYuaedgoLiYDzrj
5VdbgUkqZ5Phxr4MieH5cFQRUXMBE1uo76N2xEZGWjoZWst6XiBqFfqJ5ZsF6yFARCuK8Up7s6Vo8ULapRYhLTcS,15.0,transfer,0-0,7G1enbxCvj3foL2BLiWRfppmZJDE1yB18T3jYCeZsNC1,2022-03-10T23:46:40Z,Marinade staked SOL (mSOL),mSoLzYCxHdYgdzU16g5QSh3i5K3z3KZK7ytfqcJm7So,mSOL,9,6asST5hurmxJ8uFvh7ZRWkrMfSEzjEAJ4DNR1is3G6eH,7a6MZi7xmBkPf7jbDnZZN8Kpi5K6r87W1ftzFsdp2BfC,7G1enbxCvj3foL2BLiWRfppmZJDE1yB18T3jYCeZsNC1,6EwXybSSeCX6H39LURz2rcsHKuWAmKNwkoXXMtQ24nYD
5WHNNxdxC3NMK9jxHRiCRNbo9XxBmnTc6a7uiTHHJVeMAwnrEjDYSvsCMGjnAD4DmW9Yc69gWeFAFjmUiYTHZhyy,0.4,transfer,2-0,DGwoT4CdPDVK9UQm7ea9HFELrxv7e6B756weXpnabhFu,2022-03-26T13:12:02Z,Solana,-,SOL,9,EfFMndpyXnv2edT1c7dZRzi1LSYmULFJp8gHeoe6uPtB,EfFMndpyXnv2edT1c7dZRzi1LSYmULFJp8gHeoe6uPtB,BVgn9qmGVcP2ypSGytyxcjHos7fH6difXEkiQNtbpkAT,BVgn9qmGVcP2ypSGytyxcjHos7fH6difXEkiQNtbpkAT
5WjrRzh9AWVdtgnF5LFjwMS1fZTToxJuq5DxeuXJMJjEm1uWBSoM2Np7nCxe5QrtbQniSXuB4eB84smD42BjftQT,0.011821,transfer,0-0,9ftcQo6UwZrjsnEH6KNjAWz34LyoGPkhF3tkn57JdZqn,2022-03-26T09:03:51Z,Wrapped Ethereum (Sollet),2FPyTwcZLUg1MDrwsyoP4D6s1tM7hAkHYRjkNb5w6Pxk,ETH,6,FThcy5XXvab5u3jbA6NjWKdMNiCSV3oY5AAkvEvpa8wp,GeHRjyya4mz7msXsTGrfisMbpLCTmvasx6Q1BMbzpKtG,9ftcQo6UwZrjsnEH6KNjAWz34LyoGPkhF3tkn57JdZqn,BvvJki3u5BbjUJVVDuj7fjG1rtez9kQVr2Tn2NqjPG7
5Y2Ckgdijuqhbo16gmq1eUfrNgHfWY9FNvbivESrgGcSafsvkg3AE4Vk1uKdqQVszpSSuvhC7n9sbNyVFPdcBrnx,3217.54201,transfer,0-0,CNwvrE2jMKg7fB5B4DQXXRb6DxpZ2vdRerXgT9km12rm,2022-03-24T15:57:02Z,Saber Protocol Token,Saber2gLauYim4Mvftnrasomsv6NvAuncvMEZwcLpD1,SBR,6,BH7Jg3f97FyeGxsPR7FFskvfqGiaLeUnJ9Ksda53Jj8h,45NeXayPBdfZYWcoZPdv3sQeXoYVS5GcHRWP4MHXBSHY,CNwvrE2jMKg7fB5B4DQXXRb6DxpZ2vdRerXgT9km12rm,22y3WVcYu36EUQWzUGEcjoFZ55afxVPvmwjpaLYMEAX3
5ZDsmczFqxtJe2wRrPEq3HQJmUTbuixGYyBsgzU3qRnwnvoG1WUZz34mN9bpbAoQrb3R92Pjwyj9qNUZBBudAwN5,44.0,transfer,0-0,F5n8gXWtSRiGu8dvAJ44d5BGTZxDYJrX9E8KM9whHbhC,2022-03-25T18:47:29Z,USD Coin,EPjFWdd5AufqSSqeM2qN1xzybapC8G4wEGGkZwyTDt1v,USDC,6,6Nkc8MEiz3WLz1xthYitmSuy3NGwn7782upRHo2iFmXK,9x36kfR3np8iyBCCtBQSp16gVbeQ4bXMxcBAZ3pXRdz6,F5n8gXWtSRiGu8dvAJ44d5BGTZxDYJrX9E8KM9whHbhC,EH48qmtCfX6vZ7XUq4KMymYyaj8YiiEnbaAGuxCd3XdE
5ZpKDFJSkkoNFKA2TUTf1QTHq5q4cKWfcCC5KuUfccoBXaZEAbXAmUZCx2MZaeNJvdupvv9BPJwS5EygUk8grboX,0.01,transfer,0-0,7hQJmWzjzhS1ornyjwZvKRo6ahxbYKUpDkqcjrqHAZyf,2022-03-25T02:26:37Z,Marinade staked SOL (mSOL),mSoLzYCxHdYgdzU16g5QSh3i5K3z3KZK7ytfqcJm7So,mSOL,9,6asST5hurmxJ8uFvh7ZRWkrMfSEzjEAJ4DNR1is3G6eH,Bm8ju1pbvvCqnMs2aC9BKrdUSVEdBLTBvAuMG34BVhDY,7hQJmWzjzhS1ornyjwZvKRo6ahxbYKUpDkqcjrqHAZyf,8jvYwXPzYsQKm3B3cn2sLHRCwjQCYivX7QWmRnMuXKtg
5bL8Cpo46ziw2qh5b65MA2A874N3bpL8ZT2ggGKqCiczDNaRPRC3CwkpgjDRiFqYZFYDfMw388TVCMvyMbMNs8bt,24.95,transfer,2-0,GZb5wr4G5yzte8yV8dd2wcSUhEtQMP9byZEgof8hUPhQ,2022-03-28T20:50:19Z,Solana,-,SOL,9,6JcJdzXSXyS1V2PVZ4XNuvbquVTL8EwsXk2yPKV33zho,6JcJdzXSXyS1V2PVZ4XNuvbquVTL8EwsXk2yPKV33zho,98RMjtXNb23eiWRVFcodq57d3TpFNXM5QG2nirW7wgsC,98RMjtXNb23eiWRVFcodq57d3TpFNXM5QG2nirW7wgsC
5bjUmvRP7gWkxx9zjnfBzySur4pJ4RN792wdGLQbWe6rU2A73A3NorydgFHZXZTLKx74B8GpTnU7EWqHD4E5No1b,0.316419,transfer,0-0,oyqUhpDLSBT8JqVbATVb2YmjQkRRPVLRq6xawmRqtQ3,2022-03-23T07:44:56Z,,Cvvh8nsKZet59nsDDo3orMa3rZnPWQhpgrMCVcRDRgip,,6,AQRGh6PU7LzDHvvoPNS7wVVQaCBeftw9kVDAnvuEjbs8,HwimhPY9MLG8zUPTtTmRCCsYGgcDnSyWhz8peSSqvEkD,oyqUhpDLSBT8JqVbATVb2YmjQkRRPVLRq6xawmRqtQ3,Dozdvdu5F6YMTemtrpgKg8KPg3YZeh8wDDaKFGMk5aNB
5gHBGiazqSggApkED3rrqKKZqy9rPwwHQexAMr2P2gzoAe9dPMxm1Y8uXx3eLxo17QkHGkPLsKs2UkwrLE1n29UE,1.0,transfer,2-0,7rNapJcMKvpFfjKf9YSsfyh1x6e4PjYSM9iej4Byid7D,2022-03-10T07:37:05Z,Solana,-,SOL,9,5GHuBr9njP3KBqXYS7KWRX6z97eYCmqBpn7b5Ae4jeWj,5GHuBr9njP3KBqXYS7KWRX6z97eYCmqBpn7b5Ae4jeWj,5sZWBnWttQPzv6pmQDznK3k7zHwM4bJTYW5AUX6u7HQx,5sZWBnWttQPzv6pmQDznK3k7zHwM4bJTYW5AUX6u7HQx
5gpfNcnjkYZ1pZiCjb5sfMKoFtFzFL8yqrdD7PASX9ZE5dXZTH6rB7585haEWMVth1uYKXse7nBbBEACHUwQCdrs,125.267439,transfer,0-0,7G1enbxCvj3foL2BLiWRfppmZJDE1yB18T3jYCeZsNC1,2022-03-11T00:08:18Z,USD Coin,EPjFWdd5AufqSSqeM2qN1xzybapC8G4wEGGkZwyTDt1v,USDC,6,BThMeTgWZBoBbAzp9sK9T7gQzpQDQdRQUVLtVQ3781q1,Co7XdEKmX6BcoqdhzNdDfnfpcBVB7EabTPtkNkA4MW7n,7G1enbxCvj3foL2BLiWRfppmZJDE1yB18T3jYCeZsNC1,FTToNxEXfnS13vMLo3T6jssGamsV78JmrJpq896wwtgc
5h8Qf1Z4cmFLQixut1vwuMfd4U5Q5QdEAubXhVB11Y5zjqVj8EbGAvjLUphDAjmXukzQRE2s8BGn7eLzhnGmJTiN,10.0,transfer,2-0,CtTu7Sm23a5AoNw4Wy56xcpizxUQKh7nBfr2GmU6CiG2,2022-03-20T10:46:08Z,Solana,-,SOL,9,FnCg7sLfe8gz4UyrmN9c3VX6Axohu1Pa8wy3bsSPZwfq,FnCg7sLfe8gz4UyrmN9c3VX6Axohu1Pa8wy3bsSPZwfq,DYT8Qg2wNaeNLN3Fv6GecioauJPPx8RNBWvQqDwwLNW2,DYT8Qg2wNaeNLN3Fv6GecioauJPPx8RNBWvQqDwwLNW2
5ha5JT8jb93vim6293N8JMX4pqKUUHYPd8YJquMMmapvD2vU9r2n9866Aznr5T9pSAxpWR8zdWgnjYXFjDFNtymZ,2.880092289,transfer,0-0,HZtdrQZYDXeMnS5kH5jyackrGxJD3phVKKJc1AeuTiNF,2022-03-28T21:51:31Z,Marinade staked SOL (mSOL),mSoLzYCxHdYgdzU16g5QSh3i5K3z3KZK7ytfqcJm7So,mSOL,9,6asST5hurmxJ8uFvh7ZRWkrMfSEzjEAJ4DNR1is3G6eH,4fAUE4z9bAu8W1dY9KVfRbJSpWzivRoKUFyTYpP6Gasq,HZtdrQZYDXeMnS5kH5jyackrGxJD3phVKKJc1AeuTiNF,5aeS8m1TqzXT5sYQ2357w9jbxJWykHuajtoMKJkWBarY
5kCFWiH3V7MyuJVg8R6YCbpw3fGZ1snuePcu4SVH9GxbPTK9Tv8sWX3TXriwh1xhi1hANee2HxH3i3TyzonutVHR,13.0,transfer,2-0,A5hhV8LDpFuusP3Kt1fcN8n5DPq57kP44tauvufUFQuU,2022-03-07T16:54:36Z,Solana,-,SOL,9,5p1koBdhC6bJJtN3MuTCvZgYrfQ3B2RPcrhQTbAjGYTw,5p1koBdhC6bJJtN3MuTCvZgYrfQ3B2RPcrhQTbAjGYTw,6SM11Wej2bm7ug6C97zxxCVhJHX1JeEip9FqwpihpFm1,6SM11Wej2bm7ug6C97zxxCVhJHX1JeEip9FqwpihpFm1
5kYj7Hpz47Do5V5Yf5N7n7EVVxx7bBfcCZPYfyJKczNJQ6JKernUyL43iVkjQTMinciazA5mqKjSVHDGfp1g8c4m,1559.098006,transfer,0-0,Ay9py4LGeTyBoA8gRECru3VYZFda5zxoJkbhaAadeZHT,2022-03-28T23:59:59Z,USD Coin,EPjFWdd5AufqSSqeM2qN1xzybapC8G4wEGGkZwyTDt1v,USDC,6,BThMeTgWZBoBbAzp9sK9T7gQzpQDQdRQUVLtVQ3781q1,D72Kgy7iKAPiFWazvfvFtEqj1KjzNNjfo7UUbMZ1aAr2,Ay9py4LGeTyBoA8gRECru3VYZFda5zxoJkbhaAadeZHT,DCaKEXqZbdsmGzGKjuh6gXTtsqWxXf8jK4mgjqmoEhVD
5m5fKjbX2SLCbT3g482P7VXNd8fTNUB2C545yWgF368dujYdSNyMZZJuq9ANe4VnyxL6pexerGrbGirNJ325AGf5,100.0,transfer,0-0,A3kbWs2m5NLsPAP6Gh26ZHkec9DnarvtbkziUj8AzPaw,2022-03-28T15:54:44Z,USD Coin,EPjFWdd5AufqSSqeM2qN1xzybapC8G4wEGGkZwyTDt1v,USDC,6,BThMeTgWZBoBbAzp9sK9T7gQzpQDQdRQUVLtVQ3781q1,D72Kgy7iKAPiFWazvfvFtEqj1KjzNNjfo7UUbMZ1aAr2,A3kbWs2m5NLsPAP6Gh26ZHkec9DnarvtbkziUj8AzPaw,7Sa33cgFnxcmUU1KCvsRjVHJbKxe4LgTyuKJhzk2BqAj
5nErbR6sPY6UfBitQT2n8ZgMNJHZH1LPLdsPPQwYXm6a5HhiuiioxPBDXw7Eva3BDGfnJ6TqMsUfEkb3sjqaWsgS,3.88631133,transfer,0-0,HT8N3K1GWgF5DDNEfvmNLuN5A8ns8zoKqRUzHttU1q97,2022-03-12T03:40:42Z,Marinade staked SOL (mSOL),mSoLzYCxHdYgdzU16g5QSh3i5K3z3KZK7ytfqcJm7So,mSOL,9,6asST5hurmxJ8uFvh7ZRWkrMfSEzjEAJ4DNR1is3G6eH,Nb1i8z3c1mrw4wkcTX881bQpWdRW4aGJJe6kMyL2psT,HT8N3K1GWgF5DDNEfvmNLuN5A8ns8zoKqRUzHttU1q97,9BH6X4nbaPVp9ekZbz4KvhsWsax7AFRznxjThjrPJATH
5pjog7PRF6eK2xRcaScBG9QSvXuehY6QsPQMGRkXHAa6iz5y3DzSBijcfR1dnaxJm8KpFDkYSDrYio7UovenrPzj,1000.020424,transfer,0-0,ozENmNL4Z7YHvi6d9XAXpJp9T8B1q7NAuTsaDuFk4Cv,2022-03-27T18:43:13Z,USD Coin,EPjFWdd5AufqSSqeM2qN1xzybapC8G4wEGGkZwyTDt1v,USDC,6,BThMeTgWZBoBbAzp9sK9T7gQzpQDQdRQUVLtVQ3781q1,D72Kgy7iKAPiFWazvfvFtEqj1KjzNNjfo7UUbMZ1aAr2,ozENmNL4Z7YHvi6d9XAXpJp9T8B1q7NAuTsaDuFk4Cv,BzqV9eRoHi5FMLgMwZW9F872mBRPLkXwWYkKYztZ6RaP
5sCzk3njqKwYVngs3vvsWUFMwSeTKLN9qTvJWe4pvrgXncPnZziLD3yLaJVX6jUXuK557Ud6oimz1Mf3GnEXW2Gr,233.596934,transfer,0-0,ETv2idiPjun5RReJNSLBd2RUMcYSBMqjFQxhVpLeDqkm,2022-03-29T13:15:01Z,Raydium,4k3Dyjzvzp8eMZWUXbBCjEvwSkkk59S5iCNLY3QrkX6R,RAY,6,A6XsYxGj9wpqUZG81XwgQJ2zJ3efCbuWSQfnkHqUSmdM,8iDJoR9FPcsfit9AmtHfH9doJ9ao6WbjKfaNEnbUCyAQ,ETv2idiPjun5RReJNSLBd2RUMcYSBMqjFQxhVpLeDqkm,QAWbRmNu5FhcT6YsDrcUh6WDX5PVUBFuwJU2G41VTrX
5tMbkHgtVo3RdhwKVcfnEJM611Ds2tn3z4ttXW4KAQP9BxWuJhdVeWLi12prvHXeSqzYWmauQfG584x9zRFzjPRa,50000.0,transfer,0-0,Dk3ekHk1MZP3ujpdVUSYzgBWUFLE1kgscFRYLU91Av6D,2022-03-18T20:50:44Z,USD Coin,EPjFWdd5AufqSSqeM2qN1xzybapC8G4wEGGkZwyTDt1v,USDC,6,EA29Xf3HGMtYziw7UKZDUKby7gkoCbXwmiNKwc7z54Ax,6rgpcHFnztHQEqwr6xUvEw8UsdgJhLNjAqcaLrbhLzHf,Dk3ekHk1MZP3ujpdVUSYzgBWUFLE1kgscFRYLU91Av6D,6MgFzqrkeTAPnNE1CMXEmNzutafKFmZCPPDVfYEZ36jn
5uDb4oPn26w1wwVgpoNYABVLJtgEJhsdo89MVG48BQh3fHZdwCz8hiA2tQ2pNJqVZxUjamNznCNGGa6XteAgM62e,0.0065,transfer,0-0,2ZcYhxGkKir9LYVP4b2y1qhPsjpQKmYrhypoLiLbsi4y,2022-03-28T11:53:38Z,Wrapped Bitcoin (Sollet),9n4nbM75f5Ui33ZbPYXn59EwSgE8CGsHtAeTH5YFeJ9E,BTC,6,DA1M8mw7GnPNKU9ReANtHPQyuVzKZtsuuSbCyc2uX2du,7JenPNzJypqWVMwfynckkZUVRReJ1J1uupYuJQJpPWWE,2ZcYhxGkKir9LYVP4b2y1qhPsjpQKmYrhypoLiLbsi4y,5pQpJRHuKuLwxsjzjsP6s1KL413htGQSKz59NKFn3ykk
5uLko4ArNz185hsWecob98hrb24wSF9pkKU8R12xabLBjJZ5QZJYtmxXFbRyS6T2uiTWwPjgkMqmA9hXCrVb4axS,0.027,transfer,2-0,3KoWaL3fL29WFjDzKzJpSFu3sSQWQSHckbo6bC1khiES,2022-03-21T02:13:03Z,Solana,-,SOL,9,FnCg7sLfe8gz4UyrmN9c3VX6Axohu1Pa8wy3bsSPZwfq,FnCg7sLfe8gz4UyrmN9c3VX6Axohu1Pa8wy3bsSPZwfq,BDHGoEXLUMC6j3czRSdHd8LWo6iFYZKobxA1JzpmgrSv,BDHGoEXLUMC6j3czRSdHd8LWo6iFYZKobxA1JzpmgrSv
5ugmjmuNZboLqGM1WGsktzCvjLMLGJKGJG7uKUfa9acCsDrgdpVSDidLWyHQqCz43aVvnhcBfeKvon2P4rFwTQXK,127.989911,transfer,0-0,JBesF3mNG5qXhSq5hPBWH6e3EVHM15dP1xyof3KhfahU,2022-03-09T02:44:52Z,USD Coin,EPjFWdd5AufqSSqeM2qN1xzybapC8G4wEGGkZwyTDt1v,USDC,6,BThMeTgWZBoBbAzp9sK9T7gQzpQDQdRQUVLtVQ3781q1,Co7XdEKmX6BcoqdhzNdDfnfpcBVB7EabTPtkNkA4MW7n,JBesF3mNG5qXhSq5hPBWH6e3EVHM15dP1xyof3KhfahU,BXiykA5D1o2gRgZcGthaviDMX3pgF2PHCrbsR7Tk1Vcz
5vegnxB2wqbxPdcqCaY9zyzMnWsdAcuq7R1Sq1fbJGwu86czw5fwvs39Fn5NYTte36dfDAGMjG6jBSXgwTdAA53B,22.88,transfer,2-0,DZbJY5XjgnTYSCPnNy7R9mf5gyv27zFiYksKiwyoe297,2022-03-28T16:22:24Z,Solana,-,SOL,9,EfFMndpyXnv2edT1c7dZRzi1LSYmULFJp8gHeoe6uPtB,EfFMndpyXnv2edT1c7dZRzi1LSYmULFJp8gHeoe6uPtB,8zTyKrQx9JJVfrYG3WFsJAfjA6AyERnSPvcwVtfecBee,8zTyKrQx9JJVfrYG3WFsJAfjA6AyERnSPvcwVtfecBee
5wfVN5VJQweqNkZB6kisAcDLGdvZN3bpTMVgg5nYQkk9yLg2BMNqJaser1FyHoUmLYw4gQLvx9FsyKthLPHTRgYY,30.0,transfer,2-0,7ne8iKp5Uya2cgLi6FqTDqS9Ed2UUoTE3RmVPQur2tMZ,2022-03-14T09:28:30Z,Solana,-,SOL,9,GnU8ALJoC2fDXHPreqxPJk9wnsvCnRZpWBSev3TUYX1y,GnU8ALJoC2fDXHPreqxPJk9wnsvCnRZpWBSev3TUYX1y,9o3kV49DYARpvCvyJ268iFUQvfhdWf4Ax9o2cKBn9YRw,9o3kV49DYARpvCvyJ268iFUQvfhdWf4Ax9o2cKBn9YRw
5yvgkcnSov5h8pWzGdWohJU5WVGQSMjjVAN9idgZxAhZRdYRtgyjecdppfePtTDEteX7hztYdXHbXKcAEW1rNY3W,99.349358,transfer,0-0,GLcT3fiWvhiDz6eSS5hsfhpUeHh5scpr4eB3VR7ri1RH,2022-03-06T08:17:32Z,UST (Wormhole),9vMJfxuKxXBoEa7rM12mYLMwTacLMLDJqHozw96WQL8i,UST,6,5kA7FPiB3t2X5s65dK1AoEu5asDjC5d7f5vaB4iY2yrj,AKH7JZZaQLQFsTQw9iHfocU85e8FxeZtACbya2XToK9h,GLcT3fiWvhiDz6eSS5hsfhpUeHh5scpr4eB3VR7ri1RH,4uqfvMEx9fuqtmYanMHBeaQjMZ9T4CRBsepG67nA6ChU
5yyMxTPCgmKymHtHQrBx8Rgkzdbugkzh5onPvR8kkCLHkSBqVcSKiWgLSqPncwznLokSL8dE4BxtD1FUbVmakZUX,0.2,transfer,2-0,E1XDHsgM4MV7WfjbRCMC6ov1wtQrhdaQkfSobN4AQkSR,2022-03-21T14:33:37Z,Solana,-,SOL,9,HiepGSjE1udH3GDTzwHF1bdmNKyuTUiweWu1vsx8okPk,HiepGSjE1udH3GDTzwHF1bdmNKyuTUiweWu1vsx8okPk,4Z35P9jQm56nNbcdNx5TAQmLz9RmesNXyY88MSC6f7oY,4Z35P9jQm56nNbcdNx5TAQmLz9RmesNXyY88MSC6f7oY
614L6UDHaDZZerm4SipeqD1Xxt6HJeoGQgQDh1txt3nt2z2Y51QH33V9xpJY8Lt6fQGnsh1zkokQ8MV4Kkz2vZ4d,0.000527,transfer,0-0,AnBXNf4V7eTKY7uCFBRN65bJ9vpe9PDKxrEERi42sTa4,2022-03-14T19:21:33Z,Wrapped Bitcoin (Sollet),9n4nbM75f5Ui33ZbPYXn59EwSgE8CGsHtAeTH5YFeJ9E,BTC,6,DA1M8mw7GnPNKU9ReANtHPQyuVzKZtsuuSbCyc2uX2du,4BMSsKHeXoPr3B6sLWpYaU16JYfAsHodETAev9j6J4kG,AnBXNf4V7eTKY7uCFBRN65bJ9vpe9PDKxrEERi42sTa4,B84JRYozRJRW44KD9ge5gkCz8RvCrD5EJdrRkgGLPEgU
61MydkUdqBTQRsuLFChurT5YXbHeyzT5P7TtLW8mQoTohtZqn8Sujoo81CNXPXPZBTrrFmRdwVZvN3g5BisSo3GQ,155.596034,transfer,0-0,5NkuxuR8WkwTXPg3Wo1NsNRcCns2zMabmF8ABjvHko9X,2022-03-13T09:10:56Z,Mango,MangoCzJ36AjZyKwVj3VnYU4GTonjfVEnJmvvWaxLac,MNGO,6,B3yakZxwomkmnCxRr8ZmQtiWgtxtVBuCREDFDdAvcCVQ,FuZdwWTWWjTBfe8Umdyd8TVRpaYUFvhC1qG5U1t4YYcG,5NkuxuR8WkwTXPg3Wo1NsNRcCns2zMabmF8ABjvHko9X,6fcTHSTRmyNUTgCRPVaNchL4ZcSctAiWtoW4g4YFDVSf
61n7PeF4uZkwUaS2tsveSoHyAQaFuvZpMPnaGgVbhwgLMDzoZ664davGuRxBQFsJFCt6PTDdFDSfAJWx6f29DmDf,365.948,transfer,2-0,4AfE8aDYy2VnkqLVAsziosyfTEs6HPgEycWKr7oUSttp,2022-03-08T19:52:12Z,Solana,-,SOL,9,5GHuBr9njP3KBqXYS7KWRX6z97eYCmqBpn7b5Ae4jeWj,5GHuBr9njP3KBqXYS7KWRX6z97eYCmqBpn7b5Ae4jeWj,4zgts1cziJLT7rHaY6SvY2tUPsVtNCuR3Z2Afw4GnUoj,4zgts1cziJLT7rHaY6SvY2tUPsVtNCuR3Z2Afw4GnUoj
627NpM5ZPxGEit2EixBqkvPdnZz2bJSiL5j6Kw9A8Tumnm3j5cQJxBpew3St9MnDL34bn2UobzHABWDHquhjPgsd,9.0,transfer,2-0,6Xt54VPqnsUdHUtGxh19VVmqrkncadpsnd6iYZoXmuL4,2022-03-23T12:21:33Z,Solana,-,SOL,9,FnCg7sLfe8gz4UyrmN9c3VX6Axohu1Pa8wy3bsSPZwfq,FnCg7sLfe8gz4UyrmN9c3VX6Axohu1Pa8wy3bsSPZwfq,GcZbq3wTkDaqSjHRsgc87SJSiBaoroqENb3n2UsY5x2T,GcZbq3wTkDaqSjHRsgc87SJSiBaoroqENb3n2UsY5x2T
62uSvzhcY48pNECHfXEHC9YmduJKWsYkbQRfyjtg4H8Dh8h1wBbwzHr1axW3dsKoZbVEH6qFyqcnjRCidfTHXUu8,3.261134,transfer,0-0,HK7aLFrSXgUhaTPCJpEBDS6kgfwG9kJUBUqThFhX5PMG,2022-03-20T21:42:12Z,Raydium,4k3Dyjzvzp8eMZWUXbBCjEvwSkkk59S5iCNLY3QrkX6R,RAY,6,A6XsYxGj9wpqUZG81XwgQJ2zJ3efCbuWSQfnkHqUSmdM,8iDJoR9FPcsfit9AmtHfH9doJ9ao6WbjKfaNEnbUCyAQ,HK7aLFrSXgUhaTPCJpEBDS6kgfwG9kJUBUqThFhX5PMG,FhCyVYRohv4aFbe9B33dp3CHYTox1Q3z5JZkcYXp8F9P
65fBUwkpNDcu1qywjGXEDb6CdmppYaZTwTCjyE92VAYUdejEQfJ8KV6WJ23E4z3BfpoR1H9zX6hNfzxgoAAc6cYw,0.2,transfer,2-0,E1XDHsgM4MV7WfjbRCMC6ov1wtQrhdaQkfSobN4AQkSR,2022-03-21T15:21:29Z,Solana,-,SOL,9,HiepGSjE1udH3GDTzwHF1bdmNKyuTUiweWu1vsx8okPk,HiepGSjE1udH3GDTzwHF1bdmNKyuTUiweWu1vsx8okPk,CfnDRX9fbh2qZy8gZi2PTakqDyDSo2NAvzuWoS54SBoa,CfnDRX9fbh2qZy8gZi2PTakqDyDSo2NAvzuWoS54SBoa
8v1vF2wxXH3JAHtXmuYaogNNVm92zJNsa3A8N28msX6iHtEe2Mbq1gw2FSan32tbkDDHbwFukXeYwkHcASK9SN7,23.0,transfer,2-0,2MLadfvNnVGyPF7Lcxprw637C4urxSDbvziJw22jjxcp,2022-03-10T06:11:57Z,Solana,-,SOL,9,5GHuBr9njP3KBqXYS7KWRX6z97eYCmqBpn7b5Ae4jeWj,5GHuBr9njP3KBqXYS7KWRX6z97eYCmqBpn7b5Ae4jeWj,HU1W6Z4ywPkx7mQ9eLjNh1UgoQurE7bkutnfGepGRr4h,HU1W6Z4ywPkx7mQ9eLjNh1UgoQurE7bkutnfGepGRr4h
9JCyrqmVtm8CcpFCFZ7L9tx4UsQRXDCs2w95E6S7T8BN5hXmxsns3AkpWGocrEj8j5sQVTPTNdYC4G1QaTZ1mSp,0.2,transfer,2-0,E1XDHsgM4MV7WfjbRCMC6ov1wtQrhdaQkfSobN4AQkSR,2022-03-21T17:04:23Z,Solana,-,SOL,9,HiepGSjE1udH3GDTzwHF1bdmNKyuTUiweWu1vsx8okPk,HiepGSjE1udH3GDTzwHF1bdmNKyuTUiweWu1vsx8okPk,5WExM4R3dHz4DWUHWer8stewt3KBtuub4t5tJPZ3MDpw,5WExM4R3dHz4DWUHWer8stewt3KBtuub4t5tJPZ3MDpw
9vDcQwb5GGfUebS9a7ocAWCQySVzSocdpoN11fTRbYxSG3HbxWeSvWmCabwiqzAGcX67WsNRbBrjv7kYdKwP7tF,5.798,transfer,2-0,CzHqTDgk58QSc5znEizmMxtJvSm5P4K8SsaXQZDs5usJ,2022-03-18T19:41:53Z,Solana,-,SOL,9,HiepGSjE1udH3GDTzwHF1bdmNKyuTUiweWu1vsx8okPk,HiepGSjE1udH3GDTzwHF1bdmNKyuTUiweWu1vsx8okPk,GRgQEVKqKWKZMA2YFLXLqep9Dm8f9rRfrd22xudWdwh3,GRgQEVKqKWKZMA2YFLXLqep9Dm8f9rRfrd22xudWdwh3
AdKprCdP1s9GS248JqE9hvx9MQc4vEW35t9s3VyJiAthqWFiksHGRuctysZJDBdAks9yfftayWVSNQkWoC1vj5K,27009.502732,transfer,0-0,D4z8ZS5CiKFomTGoSLomCjzrVQdDKScAYUpAiTS2hje2,2022-03-17T08:48:55Z,Mango,MangoCzJ36AjZyKwVj3VnYU4GTonjfVEnJmvvWaxLac,MNGO,6,B3yakZxwomkmnCxRr8ZmQtiWgtxtVBuCREDFDdAvcCVQ,FuZdwWTWWjTBfe8Umdyd8TVRpaYUFvhC1qG5U1t4YYcG,D4z8ZS5CiKFomTGoSLomCjzrVQdDKScAYUpAiTS2hje2,6Bqcy3d4BQC335CDXkxoLQ4qE2RyU9oJHpnwq94cKy9f
BErdkwGN1sHPiRVE2zwJMHdvqC8Xw2ZAiJbLiZUzsBraDpU99NgFJr24jVcnqWRjP2t8EDc6heMc3q7vDaT7CHp,2.26,transfer,2-0,ETv2idiPjun5RReJNSLBd2RUMcYSBMqjFQxhVpLeDqkm,2022-03-26T16:39:25Z,Solana,-,SOL,9,6JcJdzXSXyS1V2PVZ4XNuvbquVTL8EwsXk2yPKV33zho,6JcJdzXSXyS1V2PVZ4XNuvbquVTL8EwsXk2yPKV33zho,8Wkqn9CPXXizSsZ82Rrq6xpQQqCWqcQHQE5cj5oPTNYV,8Wkqn9CPXXizSsZ82Rrq6xpQQqCWqcQHQE5cj5oPTNYV
CcdhNDxg3mXjHMSAoCJoEMcrZn8sfotnoAJ6pbRpBqamFa5JQ363yNBAW6vdrp5QcuqrqtX15WH8WpyTgVmRZ8q,1000.0,transfer,0-0,2hLqFdTJvy3jmqAEjt3uhq9LxJ9zxa5CCtRjcS24EPac,2022-03-25T01:31:31Z,USD Coin,EPjFWdd5AufqSSqeM2qN1xzybapC8G4wEGGkZwyTDt1v,USDC,6,6Nkc8MEiz3WLz1xthYitmSuy3NGwn7782upRHo2iFmXK,CSbP824yiNVevVsJVHwpov2AgCf2McCLiFyKGjUTd9qr,2hLqFdTJvy3jmqAEjt3uhq9LxJ9zxa5CCtRjcS24EPac,HvD3vJnpEktPHHdFMWwx7vqHfMgGgVd4mG6FM1ePBsq4
Ew1mTjrmSL2xPzRNGQhe1SDPskQt5eiRQ3aLc6VtGUhYjGhTUotUyUNH6RvYDRBR2t6WW5UxZQNDnNB3FFqrVvg,4000.0,transfer,0-0,3513gW6tJD59g5M8hYurv4Lc7FXfp8HsxBEH5drRYvMB,2022-03-27T05:11:45Z,USD Coin,EPjFWdd5AufqSSqeM2qN1xzybapC8G4wEGGkZwyTDt1v,USDC,6,6Nkc8MEiz3WLz1xthYitmSuy3NGwn7782upRHo2iFmXK,9x36kfR3np8iyBCCtBQSp16gVbeQ4bXMxcBAZ3pXRdz6,3513gW6tJD59g5M8hYurv4Lc7FXfp8HsxBEH5drRYvMB,C5oGe7aJTj57JZnfPxnNackgbYpzFnHEz9YUaH7UeDPB
FB55PE6h175Jdewr5QQM1vam4qkeYtGUsopJfAUteQuV6T5GkcbaEMbxPLvnhTQfqYaKh94FsL3sJUGtDuTqBGa,50.0,transfer,2-0,HhSTZmUuaFqiQHwHuLUHohg81xktZogygKNpMWrrQAiz,2022-03-19T23:32:58Z,Solana,-,SOL,9,HiepGSjE1udH3GDTzwHF1bdmNKyuTUiweWu1vsx8okPk,HiepGSjE1udH3GDTzwHF1bdmNKyuTUiweWu1vsx8okPk,EoHPfWDJ2eqxMxBAHwgLnqUURzFoqS86uyCR9WpMFfM,EoHPfWDJ2eqxMxBAHwgLnqUURzFoqS86uyCR9WpMFfM
FJ19WHnra7YNcLHtBQd8Gm83h698rnN5ekVPYvNp7aPXwesGavRMoPUtGrK9YnYq43Vq9XsmrjUmuZFLURZKu8G,3.76,transfer,2-0,1wTvS4pFWQ2E8qht6eMuMhyqffRVLxPufdFkV9wARBR,2022-03-27T16:54:08Z,Solana,-,SOL,9,EfFMndpyXnv2edT1c7dZRzi1LSYmULFJp8gHeoe6uPtB,EfFMndpyXnv2edT1c7dZRzi1LSYmULFJp8gHeoe6uPtB,FNKMQKyMfUEZtUUNRkhcyKUCte1ku2jPHLBFiAh5X1kK,FNKMQKyMfUEZtUUNRkhcyKUCte1ku2jPHLBFiAh5X1kK
JyyJbF2mtZAmys7RRCFgkt2K77iT3jqqjucRX1GHSe6FhpbjNyHPCE8UpeeytiKTBj6RtTy24LnHQoAyZXEvd1c,2.0,transfer,2-0,3p3kMGQfk3FLDi9EH2YcJ4T7ht2BfTYpE9iNBkodi5Aw,2022-03-06T09:57:57Z,Solana,-,SOL,9,5GHuBr9njP3KBqXYS7KWRX6z97eYCmqBpn7b5Ae4jeWj,5GHuBr9njP3KBqXYS7KWRX6z97eYCmqBpn7b5Ae4jeWj,36MPppU9aYuwpbciPmKwtaHFTf5cNFSy4yCB8MsJ9gdM,36MPppU9aYuwpbciPmKwtaHFTf5cNFSy4yCB8MsJ9gdM
MDFRKRzUCk8mAThE7UjgA4z1hnc217DyU7TfBbv5XneGgpAGVKkNb12zfgAHF2eQxXXi86EbLC8FwKAA81JCYap,5.7,transfer,2-0,2ceEJCVJHwSf9cvtrCAkhWXBcUZVKhGY2W4TSW5qxGsk,2022-03-12T14:33:47Z,Solana,-,SOL,9,GnU8ALJoC2fDXHPreqxPJk9wnsvCnRZpWBSev3TUYX1y,GnU8ALJoC2fDXHPreqxPJk9wnsvCnRZpWBSev3TUYX1y,y68LhwWXkwrDbqEH85tkJM3h7nyeQGRxwEieoZ6x1qW,y68LhwWXkwrDbqEH85tkJM3h7nyeQGRxwEieoZ6x1qW
MuBtxvHiiu71LUuBruNSq5yY2LHqDStkCdUgozxHdmDhX7jpyMfHHbZ8363392Vj3ykKpW6oPupr9hGHjQyb2hZ,10000.0,transfer,0-0,2X8R9mhH4cG22XQBq97x28YtHKJ6C2TH9ADEa6CnzAfB,2022-03-18T02:20:13Z,USD Coin,EPjFWdd5AufqSSqeM2qN1xzybapC8G4wEGGkZwyTDt1v,USDC,6,BThMeTgWZBoBbAzp9sK9T7gQzpQDQdRQUVLtVQ3781q1,GPzEmGQbe4msvfNAFS9KNBSmprSdAMVdiEeMpEt2keXy,2X8R9mhH4cG22XQBq97x28YtHKJ6C2TH9ADEa6CnzAfB,Ft5tdFnGwmGQXtAdMCLmSW31wfHmCWJxp44qEgk6rD4w
NWUuVEcE5BMxEvfYPAN1qU2byG6BBQf4rvpV3HQnzrVCbknM6AjCUp6eHnMDFV7EyazkK2cVGnq7e99mgvYnQ5F,0.2,transfer,2-0,E1XDHsgM4MV7WfjbRCMC6ov1wtQrhdaQkfSobN4AQkSR,2022-03-21T14:40:52Z,Solana,-,SOL,9,HiepGSjE1udH3GDTzwHF1bdmNKyuTUiweWu1vsx8okPk,HiepGSjE1udH3GDTzwHF1bdmNKyuTUiweWu1vsx8okPk,98F2Euft54bvp3X9o2FHn6xHsVUxUATwQGR21MVKtRae,98F2Euft54bvp3X9o2FHn6xHsVUxUATwQGR21MVKtRae
PpXX68DWUkZZJbC7K9jwuLgJDRepFPmgnFkid1Feh3vDpUkYccfF7N6na3AbvSCYjpjrBLkcytU9dpKWk5iKCUw,1000.0,transfer,0-0,4VSVBv2NVEBqPxWEpiPrhPXhRh3NJc3x43smHnVne3ps,2022-03-24T07:06:24Z,USD Coin,EPjFWdd5AufqSSqeM2qN1xzybapC8G4wEGGkZwyTDt1v,USDC,6,GrB6vbG2WP7eEnbwgxUbBGRMeXYq139jo2o9oW8cNK8f,C6beCKfWjMWupibqymypGzNm27dTc7WWQq2BsQnSss65,4VSVBv2NVEBqPxWEpiPrhPXhRh3NJc3x43smHnVne3ps,73MjecD4a24BxXUarXEzPKeYhUemsQaVRTieYM2xfcfu
RGJskZWkH7WcXzcJsAiha3hwM4RWJnCA47KknKR48GMAFLDQ9vfY9m7M9Yu7NjtbqNeuZ7YEifsHnCwxjmtkENJ,0.001055,transfer,0-0,CqkjZU58iqDgpruqbKzxMsDhBC3PCx9Q9Gn1cXDmgez8,2022-03-24T15:07:06Z,Wrapped Bitcoin (Sollet),9n4nbM75f5Ui33ZbPYXn59EwSgE8CGsHtAeTH5YFeJ9E,BTC,6,DA1M8mw7GnPNKU9ReANtHPQyuVzKZtsuuSbCyc2uX2du,3LWwNVeYGRspS6JTmcEWVoD3yVmVps9ELceq77pTv3jj,CqkjZU58iqDgpruqbKzxMsDhBC3PCx9Q9Gn1cXDmgez8,7yzWfAHC3cJSK1xBsXFZpp5FXmMzJ45MMkwp9T9KnHqd
RZtXrbDXi8gLi5a3TRH6iF6BKJN74GxpngwzC4xgcn41vACwGybeydMtJ1tLR9qxhvfidPtPFfaJcBXxypCwnCx,0.013,transfer,0-0,BoWSqukN26JQ1AkkfonXYeEee7YA9NZ3GSbRLdmCkfp3,2022-03-23T22:14:20Z,Wrapped Bitcoin (Sollet),9n4nbM75f5Ui33ZbPYXn59EwSgE8CGsHtAeTH5YFeJ9E,BTC,6,DA1M8mw7GnPNKU9ReANtHPQyuVzKZtsuuSbCyc2uX2du,3LWwNVeYGRspS6JTmcEWVoD3yVmVps9ELceq77pTv3jj,BoWSqukN26JQ1AkkfonXYeEee7YA9NZ3GSbRLdmCkfp3,ETqhJ6kJDSz9kGjhphg9ftFgp7pNt4dHaxcuMyjwsvye
T3PmFTCryiPdfP5TVWJry5vWwZ2zpKy37JPdc2vBDfBmQHYYm2yGfuAtgPjvBs4UZWsAW95hcEuN1P5ExHKPfNV,15.0,transfer,2-0,2AEkLQykmpM2ABPDYH1VNgQnSBiX3LQek8kox2SPhzZ2,2022-03-13T21:28:47Z,Solana,-,SOL,9,GnU8ALJoC2fDXHPreqxPJk9wnsvCnRZpWBSev3TUYX1y,GnU8ALJoC2fDXHPreqxPJk9wnsvCnRZpWBSev3TUYX1y,9bfriYSpTtum8p59cLAyNVq1rdR8MKh6r1seTWw33tJ8,9bfriYSpTtum8p59cLAyNVq1rdR8MKh6r1seTWw33tJ8
UeRqbkihVpMcLdby8TLBy1w1LQZq8LDyc2oyQZPtzQMMkg9t1XUKWFWTazmp6PcDT857RAuLcf5Ho89XJYvCrix,10380.0,transfer,0-0,ALd9CknGYA7HGiYcFTwNHcU7Qe6q8SqPLJuoFV7ZwApv,2022-03-19T17:32:25Z,UST (Wormhole),9vMJfxuKxXBoEa7rM12mYLMwTacLMLDJqHozw96WQL8i,UST,6,5kA7FPiB3t2X5s65dK1AoEu5asDjC5d7f5vaB4iY2yrj,69Znv2Lj1XbaSWx5B8grnF7UKG1vG14B3XtKPGA6GrXP,ALd9CknGYA7HGiYcFTwNHcU7Qe6q8SqPLJuoFV7ZwApv,2Yn89e9nhJuHxGrqNjuRgoNo8zxAfqyTvSsswefBKyGa
UfbymtHCz1JPdFmjSRcZjh3mf27s4LHUPbP8sRNzesZVuqWcFCdz1QYNi7dq1zosYNHWyEptrBv8phmPiKTgb1G,15000.0,transfer,0-0,D4z8ZS5CiKFomTGoSLomCjzrVQdDKScAYUpAiTS2hje2,2022-03-17T08:24:54Z,USD Coin,EPjFWdd5AufqSSqeM2qN1xzybapC8G4wEGGkZwyTDt1v,USDC,6,6Nkc8MEiz3WLz1xthYitmSuy3NGwn7782upRHo2iFmXK,BwCiscB5zmPQKj9VS2bV5UCAdyxthLhzL1EfeWKVz61z,D4z8ZS5CiKFomTGoSLomCjzrVQdDKScAYUpAiTS2hje2,Fe7kZqAF8DmXmDpABhd3rTJDhdD7LyudrbQupVqWwnem
VxcScNemyC8NorvH4vuqPhaMaXBvigM26ReKe2rykDdA3JFekDpYg23x9nAu68JYf5kPnu8RqyRY8JaKGW2cZTv,1.0,transfer,2-0,GwtWwwKpu7SqE3jU94ptbwgs1UWKHU9dPQjqoJm6Xra3,2022-03-17T04:02:42Z,Solana,-,SOL,9,5ULG3a8SeNX4z9ZGLLTRaM7gZc2txuQZeMi6bYdRVRZ9,5ULG3a8SeNX4z9ZGLLTRaM7gZc2txuQZeMi6bYdRVRZ9,ALYPvmajAsrEdExnANn3HbJaKkimAoZdychfbDa4aib1,ALYPvmajAsrEdExnANn3HbJaKkimAoZdychfbDa4aib1
Y8a7FJGS4sKgQU6QxzGtgVUrifP9LqwV61ePvxihiUaSMeDuzJ7y6GXBJ3qKZsKzq5bGCpTDzwhpTmjUyUbV9gu,5.0,transfer,2-0,6URLeD6czi8N8TExZKwd7yKpC8w41qNNjiDmkEnEKrmR,2022-03-07T09:38:02Z,Solana,-,SOL,9,5p1koBdhC6bJJtN3MuTCvZgYrfQ3B2RPcrhQTbAjGYTw,5p1koBdhC6bJJtN3MuTCvZgYrfQ3B2RPcrhQTbAjGYTw,74hxw9JMxAexRSSmuuFLi7Bmpna9KQpVdAiwgDDeSYuw,74hxw9JMxAexRSSmuuFLi7Bmpna9KQpVdAiwgDDeSYuw
Yx2eEZNx1xL8TbWLCBrnRHzXVL8emGUpxXyXmerowQY5biSBRtu1ou2BUvokoEwPt3tzVSFzFtPhNjuymhSX3ee,5.360994787,transfer,0-0,EyMuiRSCwR1FSTCSW8BYLsU71knHTq6d24pUqg6bwi4s,2022-03-22T05:46:02Z,Marinade staked SOL (mSOL),mSoLzYCxHdYgdzU16g5QSh3i5K3z3KZK7ytfqcJm7So,mSOL,9,6asST5hurmxJ8uFvh7ZRWkrMfSEzjEAJ4DNR1is3G6eH,Bm8ju1pbvvCqnMs2aC9BKrdUSVEdBLTBvAuMG34BVhDY,EyMuiRSCwR1FSTCSW8BYLsU71knHTq6d24pUqg6bwi4s,ErD5nK6GsHgwNXTNgdHKpBieSdp56ZtzTvGULD17aB58
dETH9PRrJ6z1tb9WWwS4Q2dLQkyvNvVtiCtD4BswbfppUuWhr9AL5W4spcEW4Gm3H4WtaUKESRFrCYPdWMoymGR,8.334,transfer,2-0,A5YRsM7sSkea4ZiUXnETg5vx3jyVgm82LrX3AhFJqj9u,2022-03-09T04:24:13Z,Solana,-,SOL,9,5GHuBr9njP3KBqXYS7KWRX6z97eYCmqBpn7b5Ae4jeWj,5GHuBr9njP3KBqXYS7KWRX6z97eYCmqBpn7b5Ae4jeWj,GspiPXmmSaNKsvQ87WnKtvpcEX1ycQNXjSiSaySJiLFA,GspiPXmmSaNKsvQ87WnKtvpcEX1ycQNXjSiSaySJiLFA
eSndgWkCf33hA3nWEbhpBJqvKmGAadFaTHgDQMiWN5J3J4FQBRXdzn9q7LEQHHfXvkmNBaR7w5D8GyEpRy7xW39,30.0,transfer,0-0,E6gtYUmFLbfiEMyeHa9uQpoyS1bqH2Zi3SKYvTALkdvQ,2022-03-13T12:27:07Z,LUNA (Wormhole),F6v4wfAdJB8D8p77bMXZgYt8TDKsYxLYxH5AFhUkYx9W,LUNA,6,5oV1Yf8q1oQgPYuHjepjmKFuaG2Wng9dzTqbSWhU5W2X,8ZS2HRHU2fy1TGvUTrbtdBXo3hxhgPnGiUMxUGiv5YfX,E6gtYUmFLbfiEMyeHa9uQpoyS1bqH2Zi3SKYvTALkdvQ,CboqcHvFL5F95eJjZJJK6qK7fv9AmWRyoM1hx7yViP6C
fxuiRPR3pks52hgu9HhPjPW2BA2U8JvhV6tD9gafqkoq64EZGTRyTzFofxuEkgYh4XM16xqSCSR9o4DwSnKjsc2,1008.399429,transfer,0-0,E4ps7WZnXL6DgyLpQcFZti5Zf5xDKQKSv7V444m8KZYU,2022-03-21T01:59:08Z,UST (Wormhole),9vMJfxuKxXBoEa7rM12mYLMwTacLMLDJqHozw96WQL8i,UST,6,5kA7FPiB3t2X5s65dK1AoEu5asDjC5d7f5vaB4iY2yrj,69Znv2Lj1XbaSWx5B8grnF7UKG1vG14B3XtKPGA6GrXP,E4ps7WZnXL6DgyLpQcFZti5Zf5xDKQKSv7V444m8KZYU,tHSniuPXPTdtKorYjeX2K9QkAgbcra9eEGc1eRbFFQH
g4rEedHb8U6gusn7CD4MQsw6XvvEUAMENnCpECVmrVC4zFLUxjxh3YWfe7bSUjxrrhCS3ftwCuHaLbRGTW6B8Y5,10000.0,transfer,0-0,2X8R9mhH4cG22XQBq97x28YtHKJ6C2TH9ADEa6CnzAfB,2022-03-18T02:42:12Z,USD Coin,EPjFWdd5AufqSSqeM2qN1xzybapC8G4wEGGkZwyTDt1v,USDC,6,BThMeTgWZBoBbAzp9sK9T7gQzpQDQdRQUVLtVQ3781q1,EvWvbtqdaPXFwd7G6S8aUzQvG2JEnHyjVW1mWQRrRG2q,2X8R9mhH4cG22XQBq97x28YtHKJ6C2TH9ADEa6CnzAfB,Ft5tdFnGwmGQXtAdMCLmSW31wfHmCWJxp44qEgk6rD4w
gni6NovvPALJEavEtScKEserJ1vMPDS8BvVhkx6nuen1yw63F2x5oeENqcx3S47SghFGoZAKg4rMcKaFC5WoUTR,0.1005,transfer,0-0,58gM66JNjhPb5morv9vo4ZRcfZSzdSUZ9zYtmy5yFrCj,2022-03-25T02:53:12Z,Wrapped Bitcoin (Sollet),9n4nbM75f5Ui33ZbPYXn59EwSgE8CGsHtAeTH5YFeJ9E,BTC,6,DA1M8mw7GnPNKU9ReANtHPQyuVzKZtsuuSbCyc2uX2du,3LWwNVeYGRspS6JTmcEWVoD3yVmVps9ELceq77pTv3jj,58gM66JNjhPb5morv9vo4ZRcfZSzdSUZ9zYtmy5yFrCj,FfDVxWaiw7rsjhc2qVhtDekpCVtaYVy7eGgmsZb3K8rJ
hSkazFoBVKPMPpRuu8AyLUdfVd7Qr7PWcMw9AiF8GiE2soA16JDDawXJqe362CcuWdB61815aaMmqzrx3WDRZqE,30.0,transfer,0-0,E6gtYUmFLbfiEMyeHa9uQpoyS1bqH2Zi3SKYvTALkdvQ,2022-03-12T02:13:22Z,LUNA (Wormhole),F6v4wfAdJB8D8p77bMXZgYt8TDKsYxLYxH5AFhUkYx9W,LUNA,6,5oV1Yf8q1oQgPYuHjepjmKFuaG2Wng9dzTqbSWhU5W2X,8ZS2HRHU2fy1TGvUTrbtdBXo3hxhgPnGiUMxUGiv5YfX,E6gtYUmFLbfiEMyeHa9uQpoyS1bqH2Zi3SKYvTALkdvQ,CboqcHvFL5F95eJjZJJK6qK7fv9AmWRyoM1hx7yViP6C
iHrWtiJWwBWYS38pDaWo7ZZS316d5b8eupAjYFTpxPnqsda3XUNPsZUSPFYpjfqud5XKwZGpxA14QC9YWRmg5bd,1000.0,transfer,2-0,7FkVHPNHTJ8Kz361kus3pVBwGEnoKGy3KfJJQ1QfHv7,2022-03-17T13:43:09Z,Solana,-,SOL,9,5ULG3a8SeNX4z9ZGLLTRaM7gZc2txuQZeMi6bYdRVRZ9,5ULG3a8SeNX4z9ZGLLTRaM7gZc2txuQZeMi6bYdRVRZ9,EGw48gTy5gTMfeps7DpfenehrTdknWyanPE4udu5TLLH,EGw48gTy5gTMfeps7DpfenehrTdknWyanPE4udu5TLLH
idFeF6EQbavC5jxvG79bdtKoktXurL9eFEk9kfA8YEHygjNokkPoTofdRSnWJuYPmF3KxVSMjm7UKdcxqvv2zDx,20.0,transfer,0-0,GDhhTXZN7fcS1smxRYviyDFu7hKnhwfFsSpFojp86Xaw,2022-03-19T22:15:32Z,USD Coin,EPjFWdd5AufqSSqeM2qN1xzybapC8G4wEGGkZwyTDt1v,USDC,6,BThMeTgWZBoBbAzp9sK9T7gQzpQDQdRQUVLtVQ3781q1,EvWvbtqdaPXFwd7G6S8aUzQvG2JEnHyjVW1mWQRrRG2q,GDhhTXZN7fcS1smxRYviyDFu7hKnhwfFsSpFojp86Xaw,8GTJkC4KyUFY2eWCbECJ35vLaN73qKhLnoocJngbM11g
k45ums77vjT9rr5xW1vxZv2CY4vsR11DNYLzQt6FLz93ePGtz8rB6F3XYezCBYYEbEciY7vfGqrZRQr4u3gEBid,0.193201986,transfer,0-0,2cS6syQXkWr3ZQKiMiBaixR6mqUSjwMB5YR9AEw4Xax1,2022-03-05T21:51:24Z,Marinade staked SOL (mSOL),mSoLzYCxHdYgdzU16g5QSh3i5K3z3KZK7ytfqcJm7So,mSOL,9,6asST5hurmxJ8uFvh7ZRWkrMfSEzjEAJ4DNR1is3G6eH,7a6MZi7xmBkPf7jbDnZZN8Kpi5K6r87W1ftzFsdp2BfC,2cS6syQXkWr3ZQKiMiBaixR6mqUSjwMB5YR9AEw4Xax1,9HSHq8PkwmmDTF3jSTXsqmTpEtv3A3FunCJGcV9GNgM7
n4y6HzNMCwxYhKr2kVHdAC7S26L6Ry5Z5WjG2G3wrpjQrjNjtATn9NHNAivtPjxVWi8dDWvNMGtA7gJi84HdJq1,5.732746,transfer,0-0,3BLWGrSbHqAZtNzQz7j4sdWYsgixE6yyxBB7iGFtMGVb,2022-03-23T00:15:49Z,USD Coin,EPjFWdd5AufqSSqeM2qN1xzybapC8G4wEGGkZwyTDt1v,USDC,6,6Nkc8MEiz3WLz1xthYitmSuy3NGwn7782upRHo2iFmXK,CSbP824yiNVevVsJVHwpov2AgCf2McCLiFyKGjUTd9qr,3BLWGrSbHqAZtNzQz7j4sdWYsgixE6yyxBB7iGFtMGVb,9hmQ7T24wgwpdTWpbfuQHKsFuGZjGq1ZAJanwgn5U3QW
nRxE4A2ANFepDxgi6p8YyWZLt8AqtkY3fzxEtFSHLnyWt5LjMv8gC8uTYzHdmJmYkAfYofkKpHkwnN1oR9D3awK,11073.556339,transfer,0-0,2RbKZjkqrEUFPTxCc4DDg7ZaWW8QxftKuuQ9W44YvGcK,2022-03-25T00:37:13Z,USD Coin,EPjFWdd5AufqSSqeM2qN1xzybapC8G4wEGGkZwyTDt1v,USDC,6,BThMeTgWZBoBbAzp9sK9T7gQzpQDQdRQUVLtVQ3781q1,EvWvbtqdaPXFwd7G6S8aUzQvG2JEnHyjVW1mWQRrRG2q,2RbKZjkqrEUFPTxCc4DDg7ZaWW8QxftKuuQ9W44YvGcK,CMaCbhEd3SuZEfQeJ4D3oGHtN2D22nGiHLnixJDTXLA1
oS2kivDXhXgDWPsSDAu6KVe3dixYzM12dBnJHogMtb8LcgcYVfSghhL5gdMhvYT4ysEsUwdj8MPE5B4UQQhJWYi,126.009452,transfer,0-0,EHWCVPPek2kt512pn6JQDKMdZ7R91gLad24dthVYjUQo,2022-03-15T16:27:49Z,Saber Protocol Token,Saber2gLauYim4Mvftnrasomsv6NvAuncvMEZwcLpD1,SBR,6,BH7Jg3f97FyeGxsPR7FFskvfqGiaLeUnJ9Ksda53Jj8h,9zX7FLY7RAahTbRYxiK2oLueRhoXKv5i9sZV61zVJj7B,EHWCVPPek2kt512pn6JQDKMdZ7R91gLad24dthVYjUQo,DVTyy4rFFPcjiPgUggdzUbRqtJkKDr5J7P7jrHsNTyVR
of7echA1qVws6RrNDktzwgw7v1aaSgJMHWbXzsCKmFxkshZyPsVDbPHpASyFoNqRESPPKbX7XhRvznK2MGYWrbX,158.226544,transfer,0-0,HtkkRAayT7nCMRp4LcR8GFTbGZVuJvwSgHdS8j2F3a5X,2022-03-21T15:07:51Z,Saber Protocol Token,Saber2gLauYim4Mvftnrasomsv6NvAuncvMEZwcLpD1,SBR,6,BH7Jg3f97FyeGxsPR7FFskvfqGiaLeUnJ9Ksda53Jj8h,45NeXayPBdfZYWcoZPdv3sQeXoYVS5GcHRWP4MHXBSHY,HtkkRAayT7nCMRp4LcR8GFTbGZVuJvwSgHdS8j2F3a5X,BHGHSGjFrYgY8ypXuhrVepZutM7oxFq6ZDJJzUbrBmfT
ofzYdMiSo49bsW8zjM7SRna9dje7J2mS4RtKUbbdBcZfaVAFgNhNHk4UyPB8uo23a4b1DwHaFQrMNPhGxhhu2qj,50.0,transfer,2-0,GH4KFt6tiTGFLgi6KiFK8uPPVyYXg99hmCLeEWXjX5nP,2022-03-25T02:22:01Z,Solana,-,SOL,9,HiepGSjE1udH3GDTzwHF1bdmNKyuTUiweWu1vsx8okPk,HiepGSjE1udH3GDTzwHF1bdmNKyuTUiweWu1vsx8okPk,28TsxqZQkGmbVGji77zSmuXv6ovYbd3hpkcTn1dEiC4F,28TsxqZQkGmbVGji77zSmuXv6ovYbd3hpkcTn1dEiC4F
qC7A59hfu2GymLhhdvWTjeoYUUAwEGmVrRJ3ZX4D1p1YfBGkSVKhhyRPFS2eB4C295Ht5nbaAPfEcFG1MFp7kVB,20.0,transfer,2-0,E6gtYUmFLbfiEMyeHa9uQpoyS1bqH2Zi3SKYvTALkdvQ,2022-03-13T12:30:12Z,Solana,-,SOL,9,5ULG3a8SeNX4z9ZGLLTRaM7gZc2txuQZeMi6bYdRVRZ9,5ULG3a8SeNX4z9ZGLLTRaM7gZc2txuQZeMi6bYdRVRZ9,2FVYA7VpJJBKwKZtdC3CtwJn27Somg4ANTtocrewNea8,2FVYA7VpJJBKwKZtdC3CtwJn27Somg4ANTtocrewNea8
uLLRPKQFD9byUyXTTV9mG6YzG4xhnnm778vt9bvSdmSho7BV6vm1Wi63D7R2gw4F4NWhUtBEbzH5QsGwznR4NWh,1500.0,transfer,0-0,6CiT4o1XgXwBwy3p2wVALXVyLNkjctxJB1GxHqPpuTCh,2022-03-21T08:56:42Z,Saber Protocol Token,Saber2gLauYim4Mvftnrasomsv6NvAuncvMEZwcLpD1,SBR,6,BH7Jg3f97FyeGxsPR7FFskvfqGiaLeUnJ9Ksda53Jj8h,45NeXayPBdfZYWcoZPdv3sQeXoYVS5GcHRWP4MHXBSHY,6CiT4o1XgXwBwy3p2wVALXVyLNkjctxJB1GxHqPpuTCh,3A64L4wcbUwycPkwQV9Xu8iiMXDrQLVrviJS43PrbEMi
