txSignature,amount,instructionAction,instructionOrder,userAddress,timestamp,currencyName,currencyAddress,senderAddress,senderTokenMint,receiverAddress,globalId,vaultAuthority,shareTokenMint,depositTokenSymbol,depositTokenCoingeckoId,userAction
2APcgdqnRARfU1TU6zUkfmKEK5v3uRe8sgFAbMwezjwnu662A4enqL8QAZGnKBxnWgaCUwakFVgoYopEPkVLwfg1,298.815983804,burn,2-1,7CRTZakWxnH4vTruqnaVp76QtUQshCtA1cFWs4LVg7Hg,2022-03-17T22:39:00Z,,4Hnh1UCC6HLzx9NaGKnTVHR2bANcRrhydumdHCnrT3i2,7CRTZakWxnH4vTruqnaVp76QtUQshCtA1cFWs4LVg7Hg,4KwythWNUjo5zfgpPANjUq3FxZgD9keG4JujSfECCP3t,,mainnet_income_call_sol,Hxtb6APfNtf9m8jJjh7uYp8fCTGr9aeHxBSfiPqCrV6G,4Hnh1UCC6HLzx9NaGKnTVHR2bANcRrhydumdHCnrT3i2,SOL,solana,Withdraw
2CKWbwXigAEaMHbjFippuUqsZebJwep8YqTDtzzCAi4eBx1MoUd1XYwyUhjYWgBZrevjFYHk7wiRAJidvVwHYF5A,10443.49232,burn,1-1,7CRTZakWxnH4vTruqnaVp76QtUQshCtA1cFWs4LVg7Hg,2022-03-17T22:41:19Z,,EBPM7fvPN8EuA65Uc7DT9eGyDUZ1sqMLM8Rb8y2YxBYU,7CRTZakWxnH4vTruqnaVp76QtUQshCtA1cFWs4LVg7Hg,7rxoDxUDYS953MoqGPKXHE2X8X5rVceF5FCU34oYtaEe,,mainnet_income_put_sol,6Nkc8MEiz3WLz1xthYitmSuy3NGwn7782upRHo2iFmXK,EBPM7fvPN8EuA65Uc7DT9eGyDUZ1sqMLM8Rb8y2YxBYU,USDC,usd-coin,Withdraw
2HnAAekMFsen6ToMw4ckFMaWcAgM42vhGE7mweJmh87vK8cEvigzUKcEZzFNbzqc3NuHqGBrDaU5CMwrXrsGQvRY,3.780278377,burn,4-1,55HALo7xwMgQsziPinNEZkoELuvGRz6VYFFv78xApf8,2022-03-17T22:14:03Z,,4Hnh1UCC6HLzx9NaGKnTVHR2bANcRrhydumdHCnrT3i2,55HALo7xwMgQsziPinNEZkoELuvGRz6VYFFv78xApf8,4P4gBCSw5EWKRLGXXdTQt5QC1M2dQ7YqH8t9J9hCWTLh,,mainnet_income_call_sol,Hxtb6APfNtf9m8jJjh7uYp8fCTGr9aeHxBSfiPqCrV6G,4Hnh1UCC6HLzx9NaGKnTVHR2bANcRrhydumdHCnrT3i2,SOL,solana,Withdraw
2ZCNtpoaZraLCh6mbEqPDDnKLutYYP9HLhidoiDgeFJ5uyK2pXs75dYTkNfcUk39v8d9dDCkFQcNSqeekgBzGtLm,0.095010096,burn,3-1,Dvny5DMzs5YMywghi1WrhHnumCuazSwbHqnWmQ3hPNVc,2022-03-17T17:18:27Z,,4Hnh1UCC6HLzx9NaGKnTVHR2bANcRrhydumdHCnrT3i2,Dvny5DMzs5YMywghi1WrhHnumCuazSwbHqnWmQ3hPNVc,4DpkENb1QRtbGzHHWnTVidsfZwVJTpi7CFPEKkUj3Rkm,,mainnet_income_call_sol,Hxtb6APfNtf9m8jJjh7uYp8fCTGr9aeHxBSfiPqCrV6G,4Hnh1UCC6HLzx9NaGKnTVHR2bANcRrhydumdHCnrT3i2,SOL,solana,Withdraw
2fckWYe7tiUrw2cpds8sBQmTkaozApt89ycfUc5bLNjKX3RUVgh8p1ttXKXF5P5Eco1Gt7hKXJgMjt9WmcxVqjMt,0.09840065,burn,2-0,EgdRrXDw9tFqgicAp4nmWKzuh3gjQtienvMGTr2DUj65,2022-03-17T20:11:31Z,,DNa849drqW19uBV5X9ohpJ5brRGzq856gk3HDRqveFrA,EgdRrXDw9tFqgicAp4nmWKzuh3gjQtienvMGTr2DUj65,GCg7UnBsFVwhbo3eCULRPjmWSFDe1tDGwua4656vf1A5,,mainnet_income_call_sol_high,wJAoeEG2sfQ1xgXUNVVkJ5mCTCw4SLc6oJafDwf6jTf,DNa849drqW19uBV5X9ohpJ5brRGzq856gk3HDRqveFrA,SOL,solana,Withdraw
2zqY2bdiJKTFo3hnVVHdJv9bpFbbCeMmc9Hn6PrBdy6MkrgzjCrADevZtBR3nTdxzo7psb16h9hiRmKH5WWXM5YB,192.169572375,burn,3-1,EETe3LSWbvA7WHqviipMkKuNqMhtDqvAeewMneunVnjt,2022-03-17T19:48:18Z,,4Hnh1UCC6HLzx9NaGKnTVHR2bANcRrhydumdHCnrT3i2,EETe3LSWbvA7WHqviipMkKuNqMhtDqvAeewMneunVnjt,EJD9JEYBUgnf1nXWsD7N5oUcBnLLjAhvQnscgqyZKhXf,,mainnet_income_call_sol,Hxtb6APfNtf9m8jJjh7uYp8fCTGr9aeHxBSfiPqCrV6G,4Hnh1UCC6HLzx9NaGKnTVHR2bANcRrhydumdHCnrT3i2,SOL,solana,Withdraw
3MbDAe66N9WVffQQCotJSXzGbAUcbnFsLBBCLv1LK7qtsGodbLD4T1L8aWu18ej6GYJjfBNkuJzuNmKxeGS5dVdr,9.462348,burn,1-1,3AthL3CDLUHqLLReCS3gaHEXAiyLpuTQuQXx1uMrT5g9,2022-03-17T16:15:45Z,,7wDh4VCTPwx41kvbLE6fkFgMEjnqw7NpGJvQtNabCm2B,3AthL3CDLUHqLLReCS3gaHEXAiyLpuTQuQXx1uMrT5g9,oQSDZ5i3Kt7i1QCYWwuxQvFkXSxWQR2YGTeNjPN6PH4,,mainnet_income_call_ftt,7KqHFuUksvNhrWgoacKkqyp2RwfBNdypCYgK9nxD1d6K,7wDh4VCTPwx41kvbLE6fkFgMEjnqw7NpGJvQtNabCm2B,FTT,ftx-token,Withdraw
3akH6ssqRXVCYJkAv3jTkdYi4Z6Xt7PSBSc8EZiAtXipc5G9HzxmDcFxH1YV2s9yFLhGUY9tjBNF2ewNhAzAK5rb,20.813775393,burn,2-1,JCRBM15628MqfynUkRG3yW83d955p4ZzUeSPUGsjhL3S,2022-03-17T20:53:58Z,,4Hnh1UCC6HLzx9NaGKnTVHR2bANcRrhydumdHCnrT3i2,JCRBM15628MqfynUkRG3yW83d955p4ZzUeSPUGsjhL3S,3B29rwwq6Msw4mUc2Zs5E3ii8VQ179w7x6qQh9fvqnPF,,mainnet_income_call_sol,Hxtb6APfNtf9m8jJjh7uYp8fCTGr9aeHxBSfiPqCrV6G,4Hnh1UCC6HLzx9NaGKnTVHR2bANcRrhydumdHCnrT3i2,SOL,solana,Withdraw
3e37v95wAGz2tikUpgoQvNPvbH97k4EekrnkPb9EGAi918eusHYgNUQrxZDmaTVvktHZNYt8z5gLSFKR7qALKhWz,0.342545878,burn,3-1,3vx1MWLnj3VZBDUjSh59DGb1dk6jDRLDaBkxHEV7zxbE,2022-03-17T20:22:21Z,,4Hnh1UCC6HLzx9NaGKnTVHR2bANcRrhydumdHCnrT3i2,3vx1MWLnj3VZBDUjSh59DGb1dk6jDRLDaBkxHEV7zxbE,14EDPxqp7GPatmXqgAabvP4c25LyauiBdNWLnm8VgrA3,,mainnet_income_call_sol,Hxtb6APfNtf9m8jJjh7uYp8fCTGr9aeHxBSfiPqCrV6G,4Hnh1UCC6HLzx9NaGKnTVHR2bANcRrhydumdHCnrT3i2,SOL,solana,Withdraw
3t8XR1LoUXkzhA1pDfhAYe1A7hohjfEZTeyesGtscG6UG5rwq7PJCghPoK4DSRjYfkeZpPQSPedwtAXFDMKn8Pk5,9.462348,burn,0-0,3AthL3CDLUHqLLReCS3gaHEXAiyLpuTQuQXx1uMrT5g9,2022-03-17T21:58:47Z,,7wDh4VCTPwx41kvbLE6fkFgMEjnqw7NpGJvQtNabCm2B,3AthL3CDLUHqLLReCS3gaHEXAiyLpuTQuQXx1uMrT5g9,oQSDZ5i3Kt7i1QCYWwuxQvFkXSxWQR2YGTeNjPN6PH4,,mainnet_income_call_ftt,7KqHFuUksvNhrWgoacKkqyp2RwfBNdypCYgK9nxD1d6K,7wDh4VCTPwx41kvbLE6fkFgMEjnqw7NpGJvQtNabCm2B,FTT,ftx-token,Withdraw
3wW82StYNqYKMAzSFegkwYpVmyunfWrJ2zQP1G76qUxGXtCkP9N8LcqTPf5hsruucLycem6Foq5cF7WRh3i1i2sA,82.558145622,burn,3-1,EgdRrXDw9tFqgicAp4nmWKzuh3gjQtienvMGTr2DUj65,2022-03-17T20:09:22Z,,DNa849drqW19uBV5X9ohpJ5brRGzq856gk3HDRqveFrA,EgdRrXDw9tFqgicAp4nmWKzuh3gjQtienvMGTr2DUj65,GCg7UnBsFVwhbo3eCULRPjmWSFDe1tDGwua4656vf1A5,,mainnet_income_call_sol_high,wJAoeEG2sfQ1xgXUNVVkJ5mCTCw4SLc6oJafDwf6jTf,DNa849drqW19uBV5X9ohpJ5brRGzq856gk3HDRqveFrA,SOL,solana,Withdraw
46Em56YUgAKLtKvKRv1367J5MkKR2gKKP8wfXZ1JtPeAr7BBvuaNSENKCb2ZFN5sN9MNyfBsAauApNC1G5G1my2h,969.727035,burn,1-1,55HALo7xwMgQsziPinNEZkoELuvGRz6VYFFv78xApf8,2022-03-17T22:15:38Z,,74ozhToAS71nDVBtFZMMucdkNB95tV2o5fhtFGQeixwS,55HALo7xwMgQsziPinNEZkoELuvGRz6VYFFv78xApf8,Ba3Gfz4G6rmTTxZxwD8wzd5JFMEPTmSwEHLu5pYXstH1,,mainnet_income_put_luna,5kA7FPiB3t2X5s65dK1AoEu5asDjC5d7f5vaB4iY2yrj,74ozhToAS71nDVBtFZMMucdkNB95tV2o5fhtFGQeixwS,UST,terrausd,Withdraw
49wvLQKd7hTMBc45jLwskREH8miDgA3vXBE4Jrn4pyXTsY686UZmLRbZbcg8yV4dBbm7GVRoXLpKDgqKseNjpA7A,0.386694,burn,0-1,7vRhvZjPstKSSRZuAyySk3bRAnuZyuRckXxHCdTVnqm5,2022-03-17T18:33:31Z,,GjnoPUjQiEUYWuKAbMax2cM1Eony8Yutc133wuSun9hS,7vRhvZjPstKSSRZuAyySk3bRAnuZyuRckXxHCdTVnqm5,L4SbDH9gq5wnHJxSR1aYaGbfiJmSumAuKR7nMNyoP6e,,mainnet_income_call_eth,FThcy5XXvab5u3jbA6NjWKdMNiCSV3oY5AAkvEvpa8wp,GjnoPUjQiEUYWuKAbMax2cM1Eony8Yutc133wuSun9hS,ETH,ethereum,Withdraw
4RVQ1McbdMkVGENu9g2rV6ec2ccUwP2jG7LRJ6fatF7A6duMwT36wUtJbv6qTCk1fcRTFXwXS5fk8inHLMwg4YaA,4.865116,burn,1-1,HsU6tvutq1shymZJ7xQHMrmQVQEfcN1uZjYY4kHYXY7z,2022-03-17T18:08:04Z,,95sn4kgeJnnBfRCD8S2quu4HS9Y6vb7JDuXrarnmEjYE,HsU6tvutq1shymZJ7xQHMrmQVQEfcN1uZjYY4kHYXY7z,78tmfdRMq35tZSwjfiCrFt8Xq2NJFaTQBPHDnvVosd5A,,mainnet_income_call_luna,5oV1Yf8q1oQgPYuHjepjmKFuaG2Wng9dzTqbSWhU5W2X,95sn4kgeJnnBfRCD8S2quu4HS9Y6vb7JDuXrarnmEjYE,LUNA,terra-luna,Withdraw
4SUhor9txrHXFxEQ9uCKQLTehVA2gerwYTWaFCEnUBKGLruf34WkjV1C17QcK4aCta1UZkN3CtMY3yVWBCj1VRrn,1151.894969,burn,1-1,6NBTGMTn6JfkekdDo7mLpgsV2EuHaZTk7AXmxSchdmnZ,2022-03-17T18:38:55Z,,G8jsAWUA2KdDn7XmV1sBqUdbEXESaPdjPWDEYCsnkRX2,6NBTGMTn6JfkekdDo7mLpgsV2EuHaZTk7AXmxSchdmnZ,8fFo3yatMnhsGmK6Ro4X55765gFf92XbmCyxLCFbcqcC,,mainnet_income_put_sol_high,BThMeTgWZBoBbAzp9sK9T7gQzpQDQdRQUVLtVQ3781q1,G8jsAWUA2KdDn7XmV1sBqUdbEXESaPdjPWDEYCsnkRX2,USDC,usd-coin,Withdraw
4ViXVHFrKrLqXF2aP7iHzRdjugrJuuxNAgw33YmHXVQPqKFioi8chiFWGF4S8qc8aUyV5suY6hxUYXnkmYocU1PY,22.527341108,burn,1-1,5ayF2Du9Ju41yv6ALW6bEUH9wxFoaZ3Zzhkn3PMHfXg2,2022-03-17T18:45:22Z,,6UA3yn28XecAHLTwoCtjfzy3WcyQj1x13bxnH8urUiKt,5ayF2Du9Ju41yv6ALW6bEUH9wxFoaZ3Zzhkn3PMHfXg2,3bwTrS1CG2vo9DjGUrVJjSLmAYm3EtnCGfsVy8DD5LHU,,mainnet_income_call_marinade,6asST5hurmxJ8uFvh7ZRWkrMfSEzjEAJ4DNR1is3G6eH,6UA3yn28XecAHLTwoCtjfzy3WcyQj1x13bxnH8urUiKt,mSOL,msol,Withdraw
4pd8k91SMvbasWu1oR7VrmHVhaNFciWeGmjvBUR3vGTRL3yZduLSfiZHfU7u5K3y6eAMivaEBspJQJYVtZ1h4GVU,1.486906178,burn,0-1,5fckX1DaaacDpqgMmFPdUJ3U92Zxt4UkV1wtBpKhr2vR,2022-03-17T21:27:16Z,,6UA3yn28XecAHLTwoCtjfzy3WcyQj1x13bxnH8urUiKt,5fckX1DaaacDpqgMmFPdUJ3U92Zxt4UkV1wtBpKhr2vR,CsraZan9gP9N96QhfE1sXtbcacxrED5AcrXhFo6aqgPZ,,mainnet_income_call_marinade,6asST5hurmxJ8uFvh7ZRWkrMfSEzjEAJ4DNR1is3G6eH,6UA3yn28XecAHLTwoCtjfzy3WcyQj1x13bxnH8urUiKt,mSOL,msol,Withdraw
4vKZi43toXc9bUHBLJUkSANByHyZoh9T2D6iEnskFeYF2g8UrsoU9343hUdYTKyRN8Ygn75468pYTUx5cgvxidHe,0.850474,burn,0-0,GEAuYyk6eLynGGv7DrJUn8PRtoiBxyWrPQ5PFCTYF5Pz,2022-03-17T23:57:06Z,,95sn4kgeJnnBfRCD8S2quu4HS9Y6vb7JDuXrarnmEjYE,GEAuYyk6eLynGGv7DrJUn8PRtoiBxyWrPQ5PFCTYF5Pz,DRUtEEoK8rZ7VaVhy9c1mEewZbYYPjA25eSbxSLL9LUF,,mainnet_income_call_luna,5oV1Yf8q1oQgPYuHjepjmKFuaG2Wng9dzTqbSWhU5W2X,95sn4kgeJnnBfRCD8S2quu4HS9Y6vb7JDuXrarnmEjYE,LUNA,terra-luna,Withdraw
56spLJXFt2voLhL7Mc8djfFtVJ6ZRvrXE8n25fVYQpBFKRLQtPVACdtDMVPm6Zg9Z55DYtgi3XnxLz43Emor6GuA,617.662037,burn,0-1,8jDEJz1hwuQMNSaSbvouK9qSczvUF7V3XK1DXe3t3wfF,2022-03-17T20:23:37Z,,EBPM7fvPN8EuA65Uc7DT9eGyDUZ1sqMLM8Rb8y2YxBYU,8jDEJz1hwuQMNSaSbvouK9qSczvUF7V3XK1DXe3t3wfF,D3Nm5FZ1ykNKXWV4PZDJscV1FMN4MRwUFd5XWXvg1dr4,,mainnet_income_put_sol,6Nkc8MEiz3WLz1xthYitmSuy3NGwn7782upRHo2iFmXK,EBPM7fvPN8EuA65Uc7DT9eGyDUZ1sqMLM8Rb8y2YxBYU,USDC,usd-coin,Withdraw
5YuKNQJDePLYeq1QJms5mRhYJ33fxnac2VKpQGsoe18hRtYFUEnrE1iVuRFhmHpGytatKo1LVs3NV1t8cexr93QU,0.525763445,burn,1-1,5Fq7ssKey9evqyTgtESLJnhutJZxTUWKhm2m4fbX9CFR,2022-03-17T21:18:43Z,,6UA3yn28XecAHLTwoCtjfzy3WcyQj1x13bxnH8urUiKt,5Fq7ssKey9evqyTgtESLJnhutJZxTUWKhm2m4fbX9CFR,84z9CMWwkSTcuB3YdkqcJEz3jU8eeh7LbHdRJUcJBvrh,,mainnet_income_call_marinade,6asST5hurmxJ8uFvh7ZRWkrMfSEzjEAJ4DNR1is3G6eH,6UA3yn28XecAHLTwoCtjfzy3WcyQj1x13bxnH8urUiKt,mSOL,msol,Withdraw
5dG1dbajBVsC3NxEyQbaEQvF3N6TfYpX92Ve7mBy35HYTWFfABhgQNXRjeufXp5EyYJN1mWiAa8Xsn7u3g8V6f5R,3911.580413189,burn,0-0-1,GgF8AhcdiJ4hhyFaMoJ3XpQo9q7NgFnNaMQ6x6Xj3Lvt,2022-03-17T19:08:28Z,,6UA3yn28XecAHLTwoCtjfzy3WcyQj1x13bxnH8urUiKt,6qfyGvoUqGB6AQ7xLc4pVwFNdgJSbAMkTtKkBXhLRiV1,5ohgix8fRLy4hA66iB6jvXGhEQqsoxoYjidvDpiSPxQ2,,mainnet_income_call_marinade,6asST5hurmxJ8uFvh7ZRWkrMfSEzjEAJ4DNR1is3G6eH,6UA3yn28XecAHLTwoCtjfzy3WcyQj1x13bxnH8urUiKt,mSOL,msol,Withdraw
64XpN2Z315ZtdE33k6VdAR3ozQDRVmme9rs1Ba9y8ua8gQJ6b9gFhSD4RSraimtvZUPQEpDKfAfjEEawLd5DG3WG,0.007711,burn,1-1,93rDhJb5v1QEHkH413SNcfHkpU6NHxAdxQkqsDXRTqyH,2022-03-17T19:58:59Z,,3BjcHXvyzMsjmeqE2qFLx45K4XFx3JPiyRnjJiF5MAHt,93rDhJb5v1QEHkH413SNcfHkpU6NHxAdxQkqsDXRTqyH,2Ufrs92VuqWNWQBQVUfAeF5i7R5X5AXpEqjHMoyfpYUQ,,mainnet_income_call_btc,DA1M8mw7GnPNKU9ReANtHPQyuVzKZtsuuSbCyc2uX2du,3BjcHXvyzMsjmeqE2qFLx45K4XFx3JPiyRnjJiF5MAHt,BTC,bitcoin,Withdraw
8qK1GNGuZxpiAvp9X2yyozsVtr5MfR4vpqY2k9NYCLUe5uXwHw7AXF2aaB3zxRThvwcvFMnsfaj2czJJxyjLdhP,7.120427,burn,1-1,9wqS8gK8Eu8PFwVXCiCRbhqRHxr7Gu96AmfqVTs1bqfd,2022-03-17T20:12:24Z,,7wDh4VCTPwx41kvbLE6fkFgMEjnqw7NpGJvQtNabCm2B,9wqS8gK8Eu8PFwVXCiCRbhqRHxr7Gu96AmfqVTs1bqfd,FsFqjh5bfwiAfX41aU33Cpm3abWJWN98EjUh69PGdSWq,,mainnet_income_call_ftt,7KqHFuUksvNhrWgoacKkqyp2RwfBNdypCYgK9nxD1d6K,7wDh4VCTPwx41kvbLE6fkFgMEjnqw7NpGJvQtNabCm2B,FTT,ftx-token,Withdraw
gaRCWYAETvMebhJto72sUPzxuWKvKGDaxJciyhwTgdbjypkF4gfY1ABxhfRchd1Lmsih1DGmJDPDU4odtGyong9,0.190020192,burn,3-1,4UztVbo9hDtPSHkJYUovg7bVfVBMh6dpeQUmq2FzQM8g,2022-03-17T17:24:30Z,,4Hnh1UCC6HLzx9NaGKnTVHR2bANcRrhydumdHCnrT3i2,4UztVbo9hDtPSHkJYUovg7bVfVBMh6dpeQUmq2FzQM8g,HY3y5veNboKorDuTUq7rUyHy6m44WeoijVNPBMwTFPTd,,mainnet_income_call_sol,Hxtb6APfNtf9m8jJjh7uYp8fCTGr9aeHxBSfiPqCrV6G,4Hnh1UCC6HLzx9NaGKnTVHR2bANcRrhydumdHCnrT3i2,SOL,solana,Withdraw
ge2WxBbe5mD8QVdmtGAPhgSoP7pWxu4sSHTcSbUhPnW6ZAyGj83sEt1mY6MHUcicMhKSBouBhq7Kn2FvF6GzHSg,10675.68808,burn,1-1,AT4qoJDVGXpEm3BGACUhC1zpVNLq4iX2bJ4cpABehpoD,2022-03-17T23:19:41Z,,EBPM7fvPN8EuA65Uc7DT9eGyDUZ1sqMLM8Rb8y2YxBYU,AT4qoJDVGXpEm3BGACUhC1zpVNLq4iX2bJ4cpABehpoD,jXbPDXPTtnyMTvMETSQxuiDCpbKKmff7SS4WqX2mhXa,,mainnet_income_put_sol,6Nkc8MEiz3WLz1xthYitmSuy3NGwn7782upRHo2iFmXK,EBPM7fvPN8EuA65Uc7DT9eGyDUZ1sqMLM8Rb8y2YxBYU,USDC,usd-coin,Withdraw
jYHKH9HKcSDWmWouQUXTEY26h8cfV2Ag6bLxxkn5Wct6j87yhszaRwhKuRXAG7ZfTQWyVhW8kvZ8L62NxM95Sxs,10.033104192,burn,3-1,FPxHs6uB32A2tUgjiCN93dEDnnEnWnPRdmZhs5qDFhBB,2022-03-17T21:12:52Z,,4Hnh1UCC6HLzx9NaGKnTVHR2bANcRrhydumdHCnrT3i2,FPxHs6uB32A2tUgjiCN93dEDnnEnWnPRdmZhs5qDFhBB,EjTsWC4HopszECRkQQyo11W8UTeSTcTyx1883X59cvdM,,mainnet_income_call_sol,Hxtb6APfNtf9m8jJjh7uYp8fCTGr9aeHxBSfiPqCrV6G,4Hnh1UCC6HLzx9NaGKnTVHR2bANcRrhydumdHCnrT3i2,SOL,solana,Withdraw
xNfey1iWTa2XRnkBPavaXsUKNFvv7y9MCZgf6vZBk9QsLE8JZ9WS52kF4pMBWLVQ5WbzuQ9wSds3v2pnwzn8bfR,20929.905236,burn,0-0,6NBTGMTn6JfkekdDo7mLpgsV2EuHaZTk7AXmxSchdmnZ,2022-03-17T18:38:31Z,,EBPM7fvPN8EuA65Uc7DT9eGyDUZ1sqMLM8Rb8y2YxBYU,6NBTGMTn6JfkekdDo7mLpgsV2EuHaZTk7AXmxSchdmnZ,9yVfV6JMjVohCKRfbrPZbMAXN6d2GZPXpRitG39Z1E8Y,,mainnet_income_put_sol,6Nkc8MEiz3WLz1xthYitmSuy3NGwn7782upRHo2iFmXK,EBPM7fvPN8EuA65Uc7DT9eGyDUZ1sqMLM8Rb8y2YxBYU,USDC,usd-coin,Withdraw
